Fecha,Provincia,Partido,Votos,Escaños
2026-03-08,Albacete,BILDU,1.4171,0
2026-03-08,Albacete,BNG,0.4281,0
2026-03-08,Albacete,CC,1.0297,0
2026-03-08,Albacete,ERC,2.8482,0
2026-03-08,Albacete,JUNTS,1.6404,0
2026-03-08,Albacete,OTROS,6.8895,0
2026-03-08,Albacete,PNV,1.8371,0
2026-03-08,Albacete,PP,28.8228,2
2026-03-08,Albacete,PSOE,27.6260,1
2026-03-08,Albacete,SALF,3.4998,0
2026-03-08,Albacete,SUMAR,8.4671,0
2026-03-08,Albacete,UPN,0.2386,0
2026-03-08,Albacete,VOX,15.2555,1
2026-03-08,Alicante,BILDU,1.9617,0
2026-03-08,Alicante,BNG,0.0000,0
2026-03-08,Alicante,CC,0.7603,0
2026-03-08,Alicante,ERC,1.6092,0
2026-03-08,Alicante,JUNTS,2.0955,0
2026-03-08,Alicante,OTROS,5.5976,0
2026-03-08,Alicante,PNV,2.2827,0
2026-03-08,Alicante,PP,30.3970,5
2026-03-08,Alicante,PSOE,26.9233,4
2026-03-08,Alicante,SALF,4.5046,0
2026-03-08,Alicante,SUMAR,7.5079,1
2026-03-08,Alicante,UPN,0.6122,0
2026-03-08,Alicante,VOX,15.7480,2
2026-03-08,Almería,BILDU,1.6977,0
2026-03-08,Almería,BNG,1.4756,0
2026-03-08,Almería,CC,0.2123,0
2026-03-08,Almería,ERC,1.9127,0
2026-03-08,Almería,JUNTS,2.6678,0
2026-03-08,Almería,OTROS,6.3567,0
2026-03-08,Almería,PNV,1.8220,0
2026-03-08,Almería,PP,29.7731,3
2026-03-08,Almería,PSOE,26.6131,2
2026-03-08,Almería,SALF,4.3980,0
2026-03-08,Almería,SUMAR,7.4937,0
2026-03-08,Almería,UPN,0.0000,0
2026-03-08,Almería,VOX,15.5773,1
2026-03-08,Asturias,BILDU,0.9185,0
2026-03-08,Asturias,BNG,0.0000,0
2026-03-08,Asturias,CC,1.2676,0
2026-03-08,Asturias,ERC,2.7084,0
2026-03-08,Asturias,JUNTS,2.8269,0
2026-03-08,Asturias,OTROS,6.5828,0
2026-03-08,Asturias,PNV,0.6590,0
2026-03-08,Asturias,PP,29.3853,3
2026-03-08,Asturias,PSOE,26.5135,3
2026-03-08,Asturias,SALF,4.0429,0
2026-03-08,Asturias,SUMAR,8.5826,0
2026-03-08,Asturias,UPN,0.4407,0
2026-03-08,Asturias,VOX,16.0719,1
2026-03-08,Badajoz,BILDU,0.2763,0
2026-03-08,Badajoz,BNG,0.7252,0
2026-03-08,Badajoz,CC,0.5573,0
2026-03-08,Badajoz,ERC,2.4767,0
2026-03-08,Badajoz,JUNTS,1.4898,0
2026-03-08,Badajoz,OTROS,5.3411,0
2026-03-08,Badajoz,PNV,0.6353,0
2026-03-08,Badajoz,PP,30.5953,3
2026-03-08,Badajoz,PSOE,27.0709,2
2026-03-08,Badajoz,SALF,4.4489,0
2026-03-08,Badajoz,SUMAR,8.6449,0
2026-03-08,Badajoz,UPN,1.0275,0
2026-03-08,Badajoz,VOX,16.7106,1
2026-03-08,Baleares,BILDU,1.0957,0
2026-03-08,Baleares,BNG,0.6339,0
2026-03-08,Baleares,CC,1.7899,0
2026-03-08,Baleares,ERC,2.6710,0
2026-03-08,Baleares,JUNTS,1.2892,0
2026-03-08,Baleares,OTROS,5.7247,0
2026-03-08,Baleares,PNV,2.3795,0
2026-03-08,Baleares,PP,30.5234,3
2026-03-08,Baleares,PSOE,26.9580,3
2026-03-08,Baleares,SALF,4.0708,0
2026-03-08,Baleares,SUMAR,7.1374,0
2026-03-08,Baleares,UPN,0.2993,0
2026-03-08,Baleares,VOX,15.4271,2
2026-03-08,Barcelona,BILDU,1.0026,0
2026-03-08,Barcelona,BNG,0.1561,0
2026-03-08,Barcelona,CC,0.0000,0
2026-03-08,Barcelona,ERC,6.0724,2
2026-03-08,Barcelona,JUNTS,6.6246,2
2026-03-08,Barcelona,OTROS,5.3993,1
2026-03-08,Barcelona,PNV,2.0118,0
2026-03-08,Barcelona,PP,27.2743,10
2026-03-08,Barcelona,PSOE,25.5586,9
2026-03-08,Barcelona,SALF,2.9340,1
2026-03-08,Barcelona,SUMAR,7.1020,2
2026-03-08,Barcelona,UPN,0.8621,0
2026-03-08,Barcelona,VOX,15.0021,5
2026-03-08,Burgos,BILDU,2.1460,0
2026-03-08,Burgos,BNG,0.1574,0
2026-03-08,Burgos,CC,1.6018,0
2026-03-08,Burgos,ERC,1.9686,0
2026-03-08,Burgos,JUNTS,1.0930,0
2026-03-08,Burgos,OTROS,7.0720,0
2026-03-08,Burgos,PNV,0.7401,0
2026-03-08,Burgos,PP,30.9815,2
2026-03-08,Burgos,PSOE,27.0804,1
2026-03-08,Burgos,SALF,3.8295,0
2026-03-08,Burgos,SUMAR,7.6541,0
2026-03-08,Burgos,UPN,0.0000,0
2026-03-08,Burgos,VOX,15.6756,1
2026-03-08,Cantabria,BILDU,1.1833,0
2026-03-08,Cantabria,BNG,0.0000,0
2026-03-08,Cantabria,CC,0.0192,0
2026-03-08,Cantabria,ERC,1.4458,0
2026-03-08,Cantabria,JUNTS,1.9926,0
2026-03-08,Cantabria,OTROS,7.1915,0
2026-03-08,Cantabria,PNV,1.7121,0
2026-03-08,Cantabria,PP,30.6001,2
2026-03-08,Cantabria,PSOE,26.6752,2
2026-03-08,Cantabria,SALF,3.9101,0
2026-03-08,Cantabria,SUMAR,7.2717,0
2026-03-08,Cantabria,UPN,1.4213,0
2026-03-08,Cantabria,VOX,16.5771,1
2026-03-08,Castellón,BILDU,0.7469,0
2026-03-08,Castellón,BNG,0.7194,0
2026-03-08,Castellón,CC,0.6764,0
2026-03-08,Castellón,ERC,2.1199,0
2026-03-08,Castellón,JUNTS,1.8162,0
2026-03-08,Castellón,OTROS,5.7385,0
2026-03-08,Castellón,PNV,1.9972,0
2026-03-08,Castellón,PP,31.0134,2
2026-03-08,Castellón,PSOE,27.0909,2
2026-03-08,Castellón,SALF,3.6830,0
2026-03-08,Castellón,SUMAR,7.4548,0
2026-03-08,Castellón,UPN,0.0000,0
2026-03-08,Castellón,VOX,16.9435,1
2026-03-08,Ceuta,BILDU,1.3055,0
2026-03-08,Ceuta,BNG,0.0000,0
2026-03-08,Ceuta,CC,1.5426,0
2026-03-08,Ceuta,ERC,2.2239,0
2026-03-08,Ceuta,JUNTS,3.0159,0
2026-03-08,Ceuta,OTROS,5.5055,0
2026-03-08,Ceuta,PNV,1.2116,0
2026-03-08,Ceuta,PP,30.9421,1
2026-03-08,Ceuta,PSOE,26.7287,0
2026-03-08,Ceuta,SALF,3.4469,0
2026-03-08,Ceuta,SUMAR,7.3298,0
2026-03-08,Ceuta,UPN,0.3933,0
2026-03-08,Ceuta,VOX,16.3540,0
2026-03-08,Ciudad Real,BILDU,1.4117,0
2026-03-08,Ciudad Real,BNG,1.2930,0
2026-03-08,Ciudad Real,CC,0.8528,0
2026-03-08,Ciudad Real,ERC,1.1904,0
2026-03-08,Ciudad Real,JUNTS,2.7012,0
2026-03-08,Ciudad Real,OTROS,6.0355,0
2026-03-08,Ciudad Real,PNV,1.7157,0
2026-03-08,Ciudad Real,PP,29.0284,2
2026-03-08,Ciudad Real,PSOE,25.9079,2
2026-03-08,Ciudad Real,SALF,4.8854,0
2026-03-08,Ciudad Real,SUMAR,8.6706,0
2026-03-08,Ciudad Real,UPN,0.0439,0
2026-03-08,Ciudad Real,VOX,16.2635,1
2026-03-08,Cuenca,BILDU,0.5578,0
2026-03-08,Cuenca,BNG,1.5294,0
2026-03-08,Cuenca,CC,0.7117,0
2026-03-08,Cuenca,ERC,2.5414,0
2026-03-08,Cuenca,JUNTS,2.1002,0
2026-03-08,Cuenca,OTROS,6.7997,0
2026-03-08,Cuenca,PNV,2.0156,0
2026-03-08,Cuenca,PP,29.8403,1
2026-03-08,Cuenca,PSOE,26.2611,1
2026-03-08,Cuenca,SALF,3.4802,0
2026-03-08,Cuenca,SUMAR,8.4191,0
2026-03-08,Cuenca,UPN,0.6714,0
2026-03-08,Cuenca,VOX,15.0721,1
2026-03-08,Cáceres,BILDU,1.1855,0
2026-03-08,Cáceres,BNG,1.0991,0
2026-03-08,Cáceres,CC,1.6517,0
2026-03-08,Cáceres,ERC,1.8140,0
2026-03-08,Cáceres,JUNTS,2.7227,0
2026-03-08,Cáceres,OTROS,5.4750,0
2026-03-08,Cáceres,PNV,1.9050,0
2026-03-08,Cáceres,PP,29.9165,2
2026-03-08,Cáceres,PSOE,25.6697,1
2026-03-08,Cáceres,SALF,3.0909,0
2026-03-08,Cáceres,SUMAR,8.3864,0
2026-03-08,Cáceres,UPN,0.7390,0
2026-03-08,Cáceres,VOX,16.3446,1
2026-03-08,Cádiz,BILDU,1.1744,0
2026-03-08,Cádiz,BNG,1.1503,0
2026-03-08,Cádiz,CC,1.7369,0
2026-03-08,Cádiz,ERC,1.9339,0
2026-03-08,Cádiz,JUNTS,2.3997,0
2026-03-08,Cádiz,OTROS,6.6314,0
2026-03-08,Cádiz,PNV,1.4635,0
2026-03-08,Cádiz,PP,28.9789,3
2026-03-08,Cádiz,PSOE,26.1141,3
2026-03-08,Cádiz,SALF,3.1907,0
2026-03-08,Cádiz,SUMAR,8.4138,1
2026-03-08,Cádiz,UPN,1.2009,0
2026-03-08,Cádiz,VOX,15.6115,2
2026-03-08,Córdoba,BILDU,0.2957,0
2026-03-08,Córdoba,BNG,0.2348,0
2026-03-08,Córdoba,CC,1.4987,0
2026-03-08,Córdoba,ERC,1.5393,0
2026-03-08,Córdoba,JUNTS,1.9492,0
2026-03-08,Córdoba,OTROS,6.4294,0
2026-03-08,Córdoba,PNV,2.0234,0
2026-03-08,Córdoba,PP,29.5962,3
2026-03-08,Córdoba,PSOE,27.6801,2
2026-03-08,Córdoba,SALF,4.0661,0
2026-03-08,Córdoba,SUMAR,7.7242,0
2026-03-08,Córdoba,UPN,0.0000,0
2026-03-08,Córdoba,VOX,16.9629,1
2026-03-08,Girona,BILDU,1.8139,0
2026-03-08,Girona,BNG,0.6933,0
2026-03-08,Girona,CC,0.5507,0
2026-03-08,Girona,ERC,5.8606,0
2026-03-08,Girona,JUNTS,5.1735,0
2026-03-08,Girona,OTROS,6.0616,0
2026-03-08,Girona,PNV,2.2543,0
2026-03-08,Girona,PP,25.7794,3
2026-03-08,Girona,PSOE,25.0527,2
2026-03-08,Girona,SALF,3.2039,0
2026-03-08,Girona,SUMAR,6.6624,0
2026-03-08,Girona,UPN,1.3143,0
2026-03-08,Girona,VOX,15.5793,1
2026-03-08,Granada,BILDU,1.6854,0
2026-03-08,Granada,BNG,0.4285,0
2026-03-08,Granada,CC,0.4196,0
2026-03-08,Granada,ERC,1.6427,0
2026-03-08,Granada,JUNTS,2.6980,0
2026-03-08,Granada,OTROS,6.2132,0
2026-03-08,Granada,PNV,1.4181,0
2026-03-08,Granada,PP,30.8750,3
2026-03-08,Granada,PSOE,26.7705,3
2026-03-08,Granada,SALF,3.8392,0
2026-03-08,Granada,SUMAR,8.6587,0
2026-03-08,Granada,UPN,0.0000,0
2026-03-08,Granada,VOX,15.3510,1
2026-03-08,Guadalajara,BILDU,0.3870,0
2026-03-08,Guadalajara,BNG,0.0000,0
2026-03-08,Guadalajara,CC,0.1304,0
2026-03-08,Guadalajara,ERC,1.0877,0
2026-03-08,Guadalajara,JUNTS,2.5150,0
2026-03-08,Guadalajara,OTROS,7.2418,0
2026-03-08,Guadalajara,PNV,0.6794,0
2026-03-08,Guadalajara,PP,30.9545,1
2026-03-08,Guadalajara,PSOE,27.8833,1
2026-03-08,Guadalajara,SALF,4.5605,0
2026-03-08,Guadalajara,SUMAR,7.3255,0
2026-03-08,Guadalajara,UPN,1.0439,0
2026-03-08,Guadalajara,VOX,16.1910,1
2026-03-08,Guipúzcoa,BILDU,5.9488,0
2026-03-08,Guipúzcoa,BNG,0.4912,0
2026-03-08,Guipúzcoa,CC,0.4078,0
2026-03-08,Guipúzcoa,ERC,2.5874,0
2026-03-08,Guipúzcoa,JUNTS,1.1039,0
2026-03-08,Guipúzcoa,OTROS,6.0186,0
2026-03-08,Guipúzcoa,PNV,6.6505,0
2026-03-08,Guipúzcoa,PP,25.9323,3
2026-03-08,Guipúzcoa,PSOE,23.8945,2
2026-03-08,Guipúzcoa,SALF,4.1107,0
2026-03-08,Guipúzcoa,SUMAR,7.6590,0
2026-03-08,Guipúzcoa,UPN,0.7232,0
2026-03-08,Guipúzcoa,VOX,14.4720,1
2026-03-08,Huelva,BILDU,0.8376,0
2026-03-08,Huelva,BNG,0.6900,0
2026-03-08,Huelva,CC,1.6697,0
2026-03-08,Huelva,ERC,1.9128,0
2026-03-08,Huelva,JUNTS,1.1462,0
2026-03-08,Huelva,OTROS,6.0164,0
2026-03-08,Huelva,PNV,1.2282,0
2026-03-08,Huelva,PP,30.4790,2
2026-03-08,Huelva,PSOE,27.4488,2
2026-03-08,Huelva,SALF,4.9066,0
2026-03-08,Huelva,SUMAR,7.9388,0
2026-03-08,Huelva,UPN,0.5281,0
2026-03-08,Huelva,VOX,15.1978,1
2026-03-08,Huesca,BILDU,1.7519,0
2026-03-08,Huesca,BNG,1.3721,0
2026-03-08,Huesca,CC,0.0000,0
2026-03-08,Huesca,ERC,1.7968,0
2026-03-08,Huesca,JUNTS,1.9889,0
2026-03-08,Huesca,OTROS,6.6035,0
2026-03-08,Huesca,PNV,1.8986,0
2026-03-08,Huesca,PP,29.3072,1
2026-03-08,Huesca,PSOE,27.3103,1
2026-03-08,Huesca,SALF,3.6709,0
2026-03-08,Huesca,SUMAR,8.3179,0
2026-03-08,Huesca,UPN,0.4569,0
2026-03-08,Huesca,VOX,15.5250,1
2026-03-08,Jaén,BILDU,2.1531,0
2026-03-08,Jaén,BNG,0.7553,0
2026-03-08,Jaén,CC,0.9257,0
2026-03-08,Jaén,ERC,1.2927,0
2026-03-08,Jaén,JUNTS,1.7246,0
2026-03-08,Jaén,OTROS,5.2937,0
2026-03-08,Jaén,PNV,1.5509,0
2026-03-08,Jaén,PP,29.5418,2
2026-03-08,Jaén,PSOE,27.7316,2
2026-03-08,Jaén,SALF,4.6068,0
2026-03-08,Jaén,SUMAR,7.9638,0
2026-03-08,Jaén,UPN,1.4586,0
2026-03-08,Jaén,VOX,15.0014,1
2026-03-08,La Coruña,BILDU,1.1299,0
2026-03-08,La Coruña,BNG,0.4278,0
2026-03-08,La Coruña,CC,0.0000,0
2026-03-08,La Coruña,ERC,2.8393,0
2026-03-08,La Coruña,JUNTS,2.4992,0
2026-03-08,La Coruña,OTROS,5.3495,0
2026-03-08,La Coruña,PNV,2.2478,0
2026-03-08,La Coruña,PP,30.7948,3
2026-03-08,La Coruña,PSOE,27.2631,3
2026-03-08,La Coruña,SALF,3.1319,0
2026-03-08,La Coruña,SUMAR,8.8544,1
2026-03-08,La Coruña,UPN,0.5101,0
2026-03-08,La Coruña,VOX,14.9521,1
2026-03-08,La Rioja,BILDU,0.5708,0
2026-03-08,La Rioja,BNG,0.0000,0
2026-03-08,La Rioja,CC,1.3569,0
2026-03-08,La Rioja,ERC,2.6653,0
2026-03-08,La Rioja,JUNTS,1.1901,0
2026-03-08,La Rioja,OTROS,6.5846,0
2026-03-08,La Rioja,PNV,1.1554,0
2026-03-08,La Rioja,PP,30.6124,2
2026-03-08,La Rioja,PSOE,27.1667,1
2026-03-08,La Rioja,SALF,4.8521,0
2026-03-08,La Rioja,SUMAR,7.4001,0
2026-03-08,La Rioja,UPN,0.3316,0
2026-03-08,La Rioja,VOX,16.1140,1
2026-03-08,Las Palmas,BILDU,1.7795,0
2026-03-08,Las Palmas,BNG,0.9627,0
2026-03-08,Las Palmas,CC,0.1902,0
2026-03-08,Las Palmas,ERC,2.1870,0
2026-03-08,Las Palmas,JUNTS,2.0482,0
2026-03-08,Las Palmas,OTROS,6.3219,0
2026-03-08,Las Palmas,PNV,1.5316,0
2026-03-08,Las Palmas,PP,30.7580,3
2026-03-08,Las Palmas,PSOE,26.1986,3
2026-03-08,Las Palmas,SALF,4.1822,0
2026-03-08,Las Palmas,SUMAR,8.3500,1
2026-03-08,Las Palmas,UPN,0.0000,0
2026-03-08,Las Palmas,VOX,15.4901,1
2026-03-08,León,BILDU,0.9820,0
2026-03-08,León,BNG,0.4931,0
2026-03-08,León,CC,1.2930,0
2026-03-08,León,ERC,1.4632,0
2026-03-08,León,JUNTS,1.5747,0
2026-03-08,León,OTROS,7.2024,0
2026-03-08,León,PNV,1.7629,0
2026-03-08,León,PP,29.7643,2
2026-03-08,León,PSOE,26.7561,1
2026-03-08,León,SALF,3.7163,0
2026-03-08,León,SUMAR,8.7976,0
2026-03-08,León,UPN,0.1912,0
2026-03-08,León,VOX,16.0032,1
2026-03-08,Lleida,BILDU,0.9004,0
2026-03-08,Lleida,BNG,0.6442,0
2026-03-08,Lleida,CC,0.2363,0
2026-03-08,Lleida,ERC,6.6735,0
2026-03-08,Lleida,JUNTS,6.4483,0
2026-03-08,Lleida,OTROS,5.1297,0
2026-03-08,Lleida,PNV,1.5208,0
2026-03-08,Lleida,PP,27.1034,2
2026-03-08,Lleida,PSOE,24.9586,1
2026-03-08,Lleida,SALF,3.4781,0
2026-03-08,Lleida,SUMAR,7.3852,0
2026-03-08,Lleida,UPN,1.0636,0
2026-03-08,Lleida,VOX,14.4580,1
2026-03-08,Lugo,BILDU,1.9187,0
2026-03-08,Lugo,BNG,1.2520,0
2026-03-08,Lugo,CC,1.1245,0
2026-03-08,Lugo,ERC,1.7585,0
2026-03-08,Lugo,JUNTS,2.1881,0
2026-03-08,Lugo,OTROS,6.4476,0
2026-03-08,Lugo,PNV,2.0062,0
2026-03-08,Lugo,PP,29.0376,2
2026-03-08,Lugo,PSOE,25.5319,1
2026-03-08,Lugo,SALF,4.0148,0
2026-03-08,Lugo,SUMAR,7.2721,0
2026-03-08,Lugo,UPN,1.4528,0
2026-03-08,Lugo,VOX,15.9953,1
2026-03-08,Madrid,BILDU,0.3193,0
2026-03-08,Madrid,BNG,0.1168,0
2026-03-08,Madrid,CC,0.5097,0
2026-03-08,Madrid,ERC,2.5803,1
2026-03-08,Madrid,JUNTS,2.1697,0
2026-03-08,Madrid,OTROS,6.1395,2
2026-03-08,Madrid,PNV,1.1762,0
2026-03-08,Madrid,PP,31.8266,13
2026-03-08,Madrid,PSOE,25.8256,10
2026-03-08,Madrid,SALF,4.2584,1
2026-03-08,Madrid,SUMAR,7.1077,3
2026-03-08,Madrid,UPN,1.4013,0
2026-03-08,Madrid,VOX,16.5691,7
2026-03-08,Melilla,BILDU,0.5742,0
2026-03-08,Melilla,BNG,1.3732,0
2026-03-08,Melilla,CC,1.5732,0
2026-03-08,Melilla,ERC,2.7468,0
2026-03-08,Melilla,JUNTS,1.7899,0
2026-03-08,Melilla,OTROS,6.6561,0
2026-03-08,Melilla,PNV,1.8132,0
2026-03-08,Melilla,PP,29.4765,1
2026-03-08,Melilla,PSOE,26.6500,0
2026-03-08,Melilla,SALF,3.2971,0
2026-03-08,Melilla,SUMAR,7.5570,0
2026-03-08,Melilla,UPN,0.0000,0
2026-03-08,Melilla,VOX,16.4926,0
2026-03-08,Murcia,BILDU,1.8780,0
2026-03-08,Murcia,BNG,1.2202,0
2026-03-08,Murcia,CC,0.4462,0
2026-03-08,Murcia,ERC,2.2865,0
2026-03-08,Murcia,JUNTS,2.5157,0
2026-03-08,Murcia,OTROS,5.9254,0
2026-03-08,Murcia,PNV,0.7159,0
2026-03-08,Murcia,PP,29.7097,4
2026-03-08,Murcia,PSOE,26.4132,3
2026-03-08,Murcia,SALF,3.4179,0
2026-03-08,Murcia,SUMAR,8.5471,1
2026-03-08,Murcia,UPN,0.6770,0
2026-03-08,Murcia,VOX,16.2472,2
2026-03-08,Málaga,BILDU,1.3341,0
2026-03-08,Málaga,BNG,0.5890,0
2026-03-08,Málaga,CC,1.6064,0
2026-03-08,Málaga,ERC,1.0537,0
2026-03-08,Málaga,JUNTS,2.3637,0
2026-03-08,Málaga,OTROS,6.4907,0
2026-03-08,Málaga,PNV,2.4673,0
2026-03-08,Málaga,PP,29.6107,4
2026-03-08,Málaga,PSOE,26.3341,4
2026-03-08,Málaga,SALF,3.6506,0
2026-03-08,Málaga,SUMAR,9.0373,1
2026-03-08,Málaga,UPN,0.0000,0
2026-03-08,Málaga,VOX,15.4623,2
2026-03-08,Navarra,BILDU,0.2816,0
2026-03-08,Navarra,BNG,0.5349,0
2026-03-08,Navarra,CC,1.7246,0
2026-03-08,Navarra,ERC,2.3998,0
2026-03-08,Navarra,JUNTS,1.2877,0
2026-03-08,Navarra,OTROS,6.3269,0
2026-03-08,Navarra,PNV,1.3042,0
2026-03-08,Navarra,PP,29.8891,2
2026-03-08,Navarra,PSOE,27.0651,2
2026-03-08,Navarra,SALF,3.2244,0
2026-03-08,Navarra,SUMAR,8.6694,0
2026-03-08,Navarra,UPN,0.6707,0
2026-03-08,Navarra,VOX,16.6215,1
2026-03-08,Ourense,BILDU,1.1505,0
2026-03-08,Ourense,BNG,1.5723,0
2026-03-08,Ourense,CC,0.7107,0
2026-03-08,Ourense,ERC,1.2593,0
2026-03-08,Ourense,JUNTS,1.5313,0
2026-03-08,Ourense,OTROS,6.4278,0
2026-03-08,Ourense,PNV,1.3610,0
2026-03-08,Ourense,PP,29.5603,2
2026-03-08,Ourense,PSOE,26.1279,1
2026-03-08,Ourense,SALF,4.8854,0
2026-03-08,Ourense,SUMAR,8.3332,0
2026-03-08,Ourense,UPN,0.7912,0
2026-03-08,Ourense,VOX,16.2892,1
2026-03-08,Palencia,BILDU,0.9643,0
2026-03-08,Palencia,BNG,0.1626,0
2026-03-08,Palencia,CC,1.1004,0
2026-03-08,Palencia,ERC,1.7179,0
2026-03-08,Palencia,JUNTS,1.7622,0
2026-03-08,Palencia,OTROS,5.4006,0
2026-03-08,Palencia,PNV,2.4179,0
2026-03-08,Palencia,PP,31.0063,1
2026-03-08,Palencia,PSOE,28.0647,1
2026-03-08,Palencia,SALF,3.5686,0
2026-03-08,Palencia,SUMAR,7.5264,0
2026-03-08,Palencia,UPN,0.7596,0
2026-03-08,Palencia,VOX,15.5484,1
2026-03-08,Pontevedra,BILDU,1.4895,0
2026-03-08,Pontevedra,BNG,0.0000,0
2026-03-08,Pontevedra,CC,1.5795,0
2026-03-08,Pontevedra,ERC,2.3557,0
2026-03-08,Pontevedra,JUNTS,2.0296,0
2026-03-08,Pontevedra,OTROS,5.5647,0
2026-03-08,Pontevedra,PNV,2.3553,0
2026-03-08,Pontevedra,PP,28.3448,3
2026-03-08,Pontevedra,PSOE,26.7330,3
2026-03-08,Pontevedra,SALF,4.7308,0
2026-03-08,Pontevedra,SUMAR,8.0004,0
2026-03-08,Pontevedra,UPN,1.4473,0
2026-03-08,Pontevedra,VOX,15.3695,1
2026-03-08,Salamanca,BILDU,1.4532,0
2026-03-08,Salamanca,BNG,0.5455,0
2026-03-08,Salamanca,CC,0.7465,0
2026-03-08,Salamanca,ERC,1.5315,0
2026-03-08,Salamanca,JUNTS,2.4436,0
2026-03-08,Salamanca,OTROS,6.3916,0
2026-03-08,Salamanca,PNV,1.5813,0
2026-03-08,Salamanca,PP,29.5305,2
2026-03-08,Salamanca,PSOE,27.3472,1
2026-03-08,Salamanca,SALF,4.4996,0
2026-03-08,Salamanca,SUMAR,8.1936,0
2026-03-08,Salamanca,UPN,0.7124,0
2026-03-08,Salamanca,VOX,15.0234,1
2026-03-08,Santa Cruz de Tenerife,BILDU,1.1099,0
2026-03-08,Santa Cruz de Tenerife,BNG,0.9095,0
2026-03-08,Santa Cruz de Tenerife,CC,1.1465,0
2026-03-08,Santa Cruz de Tenerife,ERC,1.2760,0
2026-03-08,Santa Cruz de Tenerife,JUNTS,2.9049,0
2026-03-08,Santa Cruz de Tenerife,OTROS,5.5202,0
2026-03-08,Santa Cruz de Tenerife,PNV,1.9843,0
2026-03-08,Santa Cruz de Tenerife,PP,30.3496,3
2026-03-08,Santa Cruz de Tenerife,PSOE,25.9930,3
2026-03-08,Santa Cruz de Tenerife,SALF,3.9094,0
2026-03-08,Santa Cruz de Tenerife,SUMAR,7.6328,0
2026-03-08,Santa Cruz de Tenerife,UPN,0.7687,0
2026-03-08,Santa Cruz de Tenerife,VOX,16.4952,1
2026-03-08,Segovia,BILDU,0.3849,0
2026-03-08,Segovia,BNG,1.1253,0
2026-03-08,Segovia,CC,0.0000,0
2026-03-08,Segovia,ERC,2.8596,0
2026-03-08,Segovia,JUNTS,1.3367,0
2026-03-08,Segovia,OTROS,5.4170,0
2026-03-08,Segovia,PNV,1.4053,0
2026-03-08,Segovia,PP,29.6789,1
2026-03-08,Segovia,PSOE,26.5680,1
2026-03-08,Segovia,SALF,4.4475,0
2026-03-08,Segovia,SUMAR,8.9670,0
2026-03-08,Segovia,UPN,1.3031,0
2026-03-08,Segovia,VOX,16.5069,1
2026-03-08,Sevilla,BILDU,1.6668,0
2026-03-08,Sevilla,BNG,0.0000,0
2026-03-08,Sevilla,CC,0.0636,0
2026-03-08,Sevilla,ERC,2.4517,0
2026-03-08,Sevilla,JUNTS,1.4844,0
2026-03-08,Sevilla,OTROS,6.0211,1
2026-03-08,Sevilla,PNV,2.0516,0
2026-03-08,Sevilla,PP,30.0119,4
2026-03-08,Sevilla,PSOE,28.0841,4
2026-03-08,Sevilla,SALF,3.1403,0
2026-03-08,Sevilla,SUMAR,7.3947,1
2026-03-08,Sevilla,UPN,0.7567,0
2026-03-08,Sevilla,VOX,16.8733,2
2026-03-08,Soria,BILDU,1.2660,0
2026-03-08,Soria,BNG,1.5310,0
2026-03-08,Soria,CC,1.4728,0
2026-03-08,Soria,ERC,1.6989,0
2026-03-08,Soria,JUNTS,2.0558,0
2026-03-08,Soria,OTROS,5.9320,0
2026-03-08,Soria,PNV,2.3434,0
2026-03-08,Soria,PP,29.3385,1
2026-03-08,Soria,PSOE,26.0993,1
2026-03-08,Soria,SALF,3.7137,0
2026-03-08,Soria,SUMAR,7.4853,0
2026-03-08,Soria,UPN,1.0458,0
2026-03-08,Soria,VOX,16.0175,0
2026-03-08,Tarragona,BILDU,1.0987,0
2026-03-08,Tarragona,BNG,1.4521,0
2026-03-08,Tarragona,CC,1.4522,0
2026-03-08,Tarragona,ERC,6.2466,0
2026-03-08,Tarragona,JUNTS,5.3841,0
2026-03-08,Tarragona,OTROS,6.5256,0
2026-03-08,Tarragona,PNV,1.9112,0
2026-03-08,Tarragona,PP,26.7423,3
2026-03-08,Tarragona,PSOE,24.7633,2
2026-03-08,Tarragona,SALF,2.9416,0
2026-03-08,Tarragona,SUMAR,7.3598,0
2026-03-08,Tarragona,UPN,0.0000,0
2026-03-08,Tarragona,VOX,14.1225,1
2026-03-08,Teruel,BILDU,1.3621,0
2026-03-08,Teruel,BNG,0.7381,0
2026-03-08,Teruel,CC,1.6148,0
2026-03-08,Teruel,ERC,2.3220,0
2026-03-08,Teruel,JUNTS,2.6818,0
2026-03-08,Teruel,OTROS,5.6755,0
2026-03-08,Teruel,PNV,1.5484,0
2026-03-08,Teruel,PP,29.5988,1
2026-03-08,Teruel,PSOE,27.3584,1
2026-03-08,Teruel,SALF,3.1518,0
2026-03-08,Teruel,SUMAR,8.5342,0
2026-03-08,Teruel,UPN,0.0000,0
2026-03-08,Teruel,VOX,15.4142,1
2026-03-08,Toledo,BILDU,0.7566,0
2026-03-08,Toledo,BNG,0.0000,0
2026-03-08,Toledo,CC,0.2283,0
2026-03-08,Toledo,ERC,2.8295,0
2026-03-08,Toledo,JUNTS,1.1719,0
2026-03-08,Toledo,OTROS,5.9880,0
2026-03-08,Toledo,PNV,1.2392,0
2026-03-08,Toledo,PP,31.6682,3
2026-03-08,Toledo,PSOE,27.9457,2
2026-03-08,Toledo,SALF,4.5611,0
2026-03-08,Toledo,SUMAR,8.1222,0
2026-03-08,Toledo,UPN,0.0000,0
2026-03-08,Toledo,VOX,15.4894,1
2026-03-08,Valencia,BILDU,0.4902,0
2026-03-08,Valencia,BNG,1.5570,0
2026-03-08,Valencia,CC,1.6939,0
2026-03-08,Valencia,ERC,2.5372,0
2026-03-08,Valencia,JUNTS,2.6282,0
2026-03-08,Valencia,OTROS,6.9887,1
2026-03-08,Valencia,PNV,1.6156,0
2026-03-08,Valencia,PP,28.4486,6
2026-03-08,Valencia,PSOE,26.8815,5
2026-03-08,Valencia,SALF,3.3373,0
2026-03-08,Valencia,SUMAR,8.1403,1
2026-03-08,Valencia,UPN,0.1040,0
2026-03-08,Valencia,VOX,15.5775,3
2026-03-08,Valladolid,BILDU,1.9418,0
2026-03-08,Valladolid,BNG,1.6288,0
2026-03-08,Valladolid,CC,1.6896,0
2026-03-08,Valladolid,ERC,2.3565,0
2026-03-08,Valladolid,JUNTS,2.1718,0
2026-03-08,Valladolid,OTROS,5.8010,0
2026-03-08,Valladolid,PNV,0.9348,0
2026-03-08,Valladolid,PP,29.8330,2
2026-03-08,Valladolid,PSOE,25.8026,2
2026-03-08,Valladolid,SALF,4.8312,0
2026-03-08,Valladolid,SUMAR,7.1918,0
2026-03-08,Valladolid,UPN,0.6398,0
2026-03-08,Valladolid,VOX,15.1772,1
2026-03-08,Vizcaya,BILDU,6.2925,0
2026-03-08,Vizcaya,BNG,0.0573,0
2026-03-08,Vizcaya,CC,1.0576,0
2026-03-08,Vizcaya,ERC,2.0915,0
2026-03-08,Vizcaya,JUNTS,2.2202,0
2026-03-08,Vizcaya,OTROS,5.7116,0
2026-03-08,Vizcaya,PNV,5.9030,0
2026-03-08,Vizcaya,PP,26.3851,3
2026-03-08,Vizcaya,PSOE,24.4849,3
2026-03-08,Vizcaya,SALF,3.9468,0
2026-03-08,Vizcaya,SUMAR,7.3101,1
2026-03-08,Vizcaya,UPN,0.3421,0
2026-03-08,Vizcaya,VOX,14.1974,1
2026-03-08,Zamora,BILDU,1.3051,0
2026-03-08,Zamora,BNG,1.2929,0
2026-03-08,Zamora,CC,0.0000,0
2026-03-08,Zamora,ERC,1.3450,0
2026-03-08,Zamora,JUNTS,2.1362,0
2026-03-08,Zamora,OTROS,6.9789,0
2026-03-08,Zamora,PNV,0.7050,0
2026-03-08,Zamora,PP,29.8734,1
2026-03-08,Zamora,PSOE,28.1899,1
2026-03-08,Zamora,SALF,3.1956,0
2026-03-08,Zamora,SUMAR,7.7932,0
2026-03-08,Zamora,UPN,1.1465,0
2026-03-08,Zamora,VOX,16.0382,1
2026-03-08,Zaragoza,BILDU,1.7639,0
2026-03-08,Zaragoza,BNG,0.3254,0
2026-03-08,Zaragoza,CC,0.0000,0
2026-03-08,Zaragoza,ERC,2.4011,0
2026-03-08,Zaragoza,JUNTS,2.3740,0
2026-03-08,Zaragoza,OTROS,6.2555,0
2026-03-08,Zaragoza,PNV,0.7106,0
2026-03-08,Zaragoza,PP,30.9023,3
2026-03-08,Zaragoza,PSOE,27.8686,3
2026-03-08,Zaragoza,SALF,3.4079,0
2026-03-08,Zaragoza,SUMAR,8.9526,0
2026-03-08,Zaragoza,UPN,0.0000,0
2026-03-08,Zaragoza,VOX,15.0381,1
2026-03-08,Álava,BILDU,5.6180,0
2026-03-08,Álava,BNG,1.4689,0
2026-03-08,Álava,CC,1.5803,0
2026-03-08,Álava,ERC,1.6022,0
2026-03-08,Álava,JUNTS,1.6317,0
2026-03-08,Álava,OTROS,5.1736,0
2026-03-08,Álava,PNV,6.7534,0
2026-03-08,Álava,PP,26.2188,2
2026-03-08,Álava,PSOE,23.9519,1
2026-03-08,Álava,SALF,3.5699,0
2026-03-08,Álava,SUMAR,7.6388,0
2026-03-08,Álava,UPN,1.1787,0
2026-03-08,Álava,VOX,13.6138,1
2026-03-08,Ávila,BILDU,2.1985,0
2026-03-08,Ávila,BNG,0.0100,0
2026-03-08,Ávila,CC,0.5608,0
2026-03-08,Ávila,ERC,1.0939,0
2026-03-08,Ávila,JUNTS,2.4384,0
2026-03-08,Ávila,OTROS,5.8917,0
2026-03-08,Ávila,PNV,0.6602,0
2026-03-08,Ávila,PP,31.0851,1
2026-03-08,Ávila,PSOE,27.2586,1
2026-03-08,Ávila,SALF,4.4357,0
2026-03-08,Ávila,SUMAR,7.2370,0
2026-03-08,Ávila,UPN,1.2281,0
2026-03-08,Ávila,VOX,15.9021,1
2026-03-07,Albacete,BILDU,0.2234,0
2026-03-07,Albacete,BNG,0.0000,0
2026-03-07,Albacete,CC,0.0069,0
2026-03-07,Albacete,ERC,2.3647,0
2026-03-07,Albacete,JUNTS,2.8174,0
2026-03-07,Albacete,OTROS,5.8856,0
2026-03-07,Albacete,PNV,1.6067,0
2026-03-07,Albacete,PP,30.5442,2
2026-03-07,Albacete,PSOE,27.3554,1
2026-03-07,Albacete,SALF,3.4157,0
2026-03-07,Albacete,SUMAR,8.9556,0
2026-03-07,Albacete,UPN,0.1410,0
2026-03-07,Albacete,VOX,16.6835,1
2026-03-07,Alicante,BILDU,0.4140,0
2026-03-07,Alicante,BNG,1.5679,0
2026-03-07,Alicante,CC,0.4808,0
2026-03-07,Alicante,ERC,1.7255,0
2026-03-07,Alicante,JUNTS,2.5960,0
2026-03-07,Alicante,OTROS,5.8554,0
2026-03-07,Alicante,PNV,2.2350,0
2026-03-07,Alicante,PP,30.3885,5
2026-03-07,Alicante,PSOE,28.1058,4
2026-03-07,Alicante,SALF,3.1942,0
2026-03-07,Alicante,SUMAR,7.6311,1
2026-03-07,Alicante,UPN,0.5939,0
2026-03-07,Alicante,VOX,15.2118,2
2026-03-07,Almería,BILDU,1.3121,0
2026-03-07,Almería,BNG,1.2123,0
2026-03-07,Almería,CC,1.1542,0
2026-03-07,Almería,ERC,1.9608,0
2026-03-07,Almería,JUNTS,2.4195,0
2026-03-07,Almería,OTROS,5.4649,0
2026-03-07,Almería,PNV,2.1185,0
2026-03-07,Almería,PP,29.4942,3
2026-03-07,Almería,PSOE,26.1326,2
2026-03-07,Almería,SALF,4.6696,0
2026-03-07,Almería,SUMAR,7.1107,0
2026-03-07,Almería,UPN,1.0329,0
2026-03-07,Almería,VOX,15.9176,1
2026-03-07,Asturias,BILDU,1.3626,0
2026-03-07,Asturias,BNG,1.5399,0
2026-03-07,Asturias,CC,1.0311,0
2026-03-07,Asturias,ERC,1.2046,0
2026-03-07,Asturias,JUNTS,2.2359,0
2026-03-07,Asturias,OTROS,6.2114,0
2026-03-07,Asturias,PNV,1.7876,0
2026-03-07,Asturias,PP,30.0530,3
2026-03-07,Asturias,PSOE,27.2595,3
2026-03-07,Asturias,SALF,4.3875,0
2026-03-07,Asturias,SUMAR,7.0608,0
2026-03-07,Asturias,UPN,0.2556,0
2026-03-07,Asturias,VOX,15.6106,1
2026-03-07,Badajoz,BILDU,1.8962,0
2026-03-07,Badajoz,BNG,0.6056,0
2026-03-07,Badajoz,CC,0.2683,0
2026-03-07,Badajoz,ERC,1.4338,0
2026-03-07,Badajoz,JUNTS,1.1310,0
2026-03-07,Badajoz,OTROS,7.1923,0
2026-03-07,Badajoz,PNV,1.9783,0
2026-03-07,Badajoz,PP,30.3763,3
2026-03-07,Badajoz,PSOE,27.3314,2
2026-03-07,Badajoz,SALF,4.1408,0
2026-03-07,Badajoz,SUMAR,7.9597,0
2026-03-07,Badajoz,UPN,0.5917,0
2026-03-07,Badajoz,VOX,15.0946,1
2026-03-07,Baleares,BILDU,0.2692,0
2026-03-07,Baleares,BNG,1.2356,0
2026-03-07,Baleares,CC,0.5784,0
2026-03-07,Baleares,ERC,1.3292,0
2026-03-07,Baleares,JUNTS,2.2709,0
2026-03-07,Baleares,OTROS,5.7597,0
2026-03-07,Baleares,PNV,0.6050,0
2026-03-07,Baleares,PP,30.5741,3
2026-03-07,Baleares,PSOE,28.2813,3
2026-03-07,Baleares,SALF,4.9470,0
2026-03-07,Baleares,SUMAR,8.5245,1
2026-03-07,Baleares,UPN,0.0000,0
2026-03-07,Baleares,VOX,15.6252,1
2026-03-07,Barcelona,BILDU,0.2924,0
2026-03-07,Barcelona,BNG,1.0934,0
2026-03-07,Barcelona,CC,0.5543,0
2026-03-07,Barcelona,ERC,5.6599,2
2026-03-07,Barcelona,JUNTS,6.0741,2
2026-03-07,Barcelona,OTROS,5.5170,1
2026-03-07,Barcelona,PNV,2.1516,0
2026-03-07,Barcelona,PP,26.3070,9
2026-03-07,Barcelona,PSOE,25.4841,9
2026-03-07,Barcelona,SALF,4.0951,1
2026-03-07,Barcelona,SUMAR,8.3323,3
2026-03-07,Barcelona,UPN,0.1321,0
2026-03-07,Barcelona,VOX,14.3067,5
2026-03-07,Burgos,BILDU,1.3843,0
2026-03-07,Burgos,BNG,0.3505,0
2026-03-07,Burgos,CC,0.2623,0
2026-03-07,Burgos,ERC,1.4125,0
2026-03-07,Burgos,JUNTS,2.2082,0
2026-03-07,Burgos,OTROS,5.7689,0
2026-03-07,Burgos,PNV,1.4708,0
2026-03-07,Burgos,PP,30.7403,2
2026-03-07,Burgos,PSOE,27.1915,1
2026-03-07,Burgos,SALF,4.8957,0
2026-03-07,Burgos,SUMAR,7.5065,0
2026-03-07,Burgos,UPN,0.2585,0
2026-03-07,Burgos,VOX,16.5502,1
2026-03-07,Cantabria,BILDU,1.3930,0
2026-03-07,Cantabria,BNG,0.0000,0
2026-03-07,Cantabria,CC,0.8626,0
2026-03-07,Cantabria,ERC,2.7039,0
2026-03-07,Cantabria,JUNTS,1.7669,0
2026-03-07,Cantabria,OTROS,7.1700,0
2026-03-07,Cantabria,PNV,2.0534,0
2026-03-07,Cantabria,PP,29.0318,2
2026-03-07,Cantabria,PSOE,26.6459,2
2026-03-07,Cantabria,SALF,4.1932,0
2026-03-07,Cantabria,SUMAR,7.5698,0
2026-03-07,Cantabria,UPN,0.7282,0
2026-03-07,Cantabria,VOX,15.8812,1
2026-03-07,Castellón,BILDU,1.8364,0
2026-03-07,Castellón,BNG,0.8209,0
2026-03-07,Castellón,CC,0.0000,0
2026-03-07,Castellón,ERC,2.9560,0
2026-03-07,Castellón,JUNTS,1.5096,0
2026-03-07,Castellón,OTROS,7.0188,0
2026-03-07,Castellón,PNV,1.0031,0
2026-03-07,Castellón,PP,29.6821,2
2026-03-07,Castellón,PSOE,27.2271,2
2026-03-07,Castellón,SALF,4.8162,0
2026-03-07,Castellón,SUMAR,7.2534,0
2026-03-07,Castellón,UPN,0.0000,0
2026-03-07,Castellón,VOX,15.8765,1
2026-03-07,Ceuta,BILDU,2.0627,0
2026-03-07,Ceuta,BNG,0.0000,0
2026-03-07,Ceuta,CC,0.3475,0
2026-03-07,Ceuta,ERC,2.8015,0
2026-03-07,Ceuta,JUNTS,1.4000,0
2026-03-07,Ceuta,OTROS,5.5002,0
2026-03-07,Ceuta,PNV,1.6624,0
2026-03-07,Ceuta,PP,30.9247,1
2026-03-07,Ceuta,PSOE,26.6550,0
2026-03-07,Ceuta,SALF,4.3638,0
2026-03-07,Ceuta,SUMAR,8.0539,0
2026-03-07,Ceuta,UPN,0.0000,0
2026-03-07,Ceuta,VOX,16.2283,0
2026-03-07,Ciudad Real,BILDU,1.9168,0
2026-03-07,Ciudad Real,BNG,0.8653,0
2026-03-07,Ciudad Real,CC,1.5386,0
2026-03-07,Ciudad Real,ERC,2.3230,0
2026-03-07,Ciudad Real,JUNTS,1.1390,0
2026-03-07,Ciudad Real,OTROS,5.2954,0
2026-03-07,Ciudad Real,PNV,2.1410,0
2026-03-07,Ciudad Real,PP,29.8523,2
2026-03-07,Ciudad Real,PSOE,26.3747,2
2026-03-07,Ciudad Real,SALF,3.0531,0
2026-03-07,Ciudad Real,SUMAR,8.4867,0
2026-03-07,Ciudad Real,UPN,0.4463,0
2026-03-07,Ciudad Real,VOX,16.5678,1
2026-03-07,Cuenca,BILDU,0.2140,0
2026-03-07,Cuenca,BNG,1.2275,0
2026-03-07,Cuenca,CC,0.0000,0
2026-03-07,Cuenca,ERC,2.1484,0
2026-03-07,Cuenca,JUNTS,2.8172,0
2026-03-07,Cuenca,OTROS,6.9454,0
2026-03-07,Cuenca,PNV,1.6264,0
2026-03-07,Cuenca,PP,30.5509,1
2026-03-07,Cuenca,PSOE,25.9971,1
2026-03-07,Cuenca,SALF,4.7351,0
2026-03-07,Cuenca,SUMAR,8.2258,0
2026-03-07,Cuenca,UPN,0.0000,0
2026-03-07,Cuenca,VOX,15.5123,1
2026-03-07,Cáceres,BILDU,1.7293,0
2026-03-07,Cáceres,BNG,1.1271,0
2026-03-07,Cáceres,CC,0.5313,0
2026-03-07,Cáceres,ERC,1.0193,0
2026-03-07,Cáceres,JUNTS,2.8457,0
2026-03-07,Cáceres,OTROS,7.0791,0
2026-03-07,Cáceres,PNV,1.3847,0
2026-03-07,Cáceres,PP,30.0928,2
2026-03-07,Cáceres,PSOE,26.0129,1
2026-03-07,Cáceres,SALF,4.5858,0
2026-03-07,Cáceres,SUMAR,8.1036,0
2026-03-07,Cáceres,UPN,0.4875,0
2026-03-07,Cáceres,VOX,15.0008,1
2026-03-07,Cádiz,BILDU,1.5010,0
2026-03-07,Cádiz,BNG,1.1955,0
2026-03-07,Cádiz,CC,0.0286,0
2026-03-07,Cádiz,ERC,2.0052,0
2026-03-07,Cádiz,JUNTS,1.9691,0
2026-03-07,Cádiz,OTROS,6.1646,0
2026-03-07,Cádiz,PNV,0.9654,0
2026-03-07,Cádiz,PP,29.2953,3
2026-03-07,Cádiz,PSOE,27.0201,3
2026-03-07,Cádiz,SALF,4.8494,0
2026-03-07,Cádiz,SUMAR,8.5044,1
2026-03-07,Cádiz,UPN,0.4852,0
2026-03-07,Cádiz,VOX,16.0163,2
2026-03-07,Córdoba,BILDU,0.4761,0
2026-03-07,Córdoba,BNG,1.1913,0
2026-03-07,Córdoba,CC,0.7523,0
2026-03-07,Córdoba,ERC,2.0011,0
2026-03-07,Córdoba,JUNTS,1.1102,0
2026-03-07,Córdoba,OTROS,6.6404,0
2026-03-07,Córdoba,PNV,0.8219,0
2026-03-07,Córdoba,PP,29.8511,3
2026-03-07,Córdoba,PSOE,27.7214,2
2026-03-07,Córdoba,SALF,4.8247,0
2026-03-07,Córdoba,SUMAR,8.1672,0
2026-03-07,Córdoba,UPN,0.7677,0
2026-03-07,Córdoba,VOX,15.6747,1
2026-03-07,Girona,BILDU,0.7299,0
2026-03-07,Girona,BNG,0.0000,0
2026-03-07,Girona,CC,1.7173,0
2026-03-07,Girona,ERC,5.9072,0
2026-03-07,Girona,JUNTS,5.9079,0
2026-03-07,Girona,OTROS,5.3933,0
2026-03-07,Girona,PNV,0.8289,0
2026-03-07,Girona,PP,26.5172,3
2026-03-07,Girona,PSOE,25.1705,2
2026-03-07,Girona,SALF,3.3665,0
2026-03-07,Girona,SUMAR,8.5889,0
2026-03-07,Girona,UPN,0.0000,0
2026-03-07,Girona,VOX,15.8724,1
2026-03-07,Granada,BILDU,1.1101,0
2026-03-07,Granada,BNG,0.0551,0
2026-03-07,Granada,CC,0.6977,0
2026-03-07,Granada,ERC,2.4724,0
2026-03-07,Granada,JUNTS,1.2603,0
2026-03-07,Granada,OTROS,6.2978,0
2026-03-07,Granada,PNV,2.2622,0
2026-03-07,Granada,PP,29.8666,3
2026-03-07,Granada,PSOE,26.7940,3
2026-03-07,Granada,SALF,4.1304,0
2026-03-07,Granada,SUMAR,7.9936,0
2026-03-07,Granada,UPN,0.0000,0
2026-03-07,Granada,VOX,17.0598,1
2026-03-07,Guadalajara,BILDU,1.2488,0
2026-03-07,Guadalajara,BNG,0.5747,0
2026-03-07,Guadalajara,CC,0.7037,0
2026-03-07,Guadalajara,ERC,2.2187,0
2026-03-07,Guadalajara,JUNTS,2.0781,0
2026-03-07,Guadalajara,OTROS,6.6585,0
2026-03-07,Guadalajara,PNV,0.7409,0
2026-03-07,Guadalajara,PP,29.9637,1
2026-03-07,Guadalajara,PSOE,27.9782,1
2026-03-07,Guadalajara,SALF,4.3899,0
2026-03-07,Guadalajara,SUMAR,7.1325,0
2026-03-07,Guadalajara,UPN,0.2547,0
2026-03-07,Guadalajara,VOX,16.0579,1
2026-03-07,Guipúzcoa,BILDU,6.1989,0
2026-03-07,Guipúzcoa,BNG,0.7749,0
2026-03-07,Guipúzcoa,CC,1.3481,0
2026-03-07,Guipúzcoa,ERC,1.4359,0
2026-03-07,Guipúzcoa,JUNTS,2.4640,0
2026-03-07,Guipúzcoa,OTROS,5.5108,0
2026-03-07,Guipúzcoa,PNV,6.9544,0
2026-03-07,Guipúzcoa,PP,27.0629,3
2026-03-07,Guipúzcoa,PSOE,23.5234,2
2026-03-07,Guipúzcoa,SALF,3.0616,0
2026-03-07,Guipúzcoa,SUMAR,6.6731,0
2026-03-07,Guipúzcoa,UPN,1.2946,0
2026-03-07,Guipúzcoa,VOX,13.6973,1
2026-03-07,Huelva,BILDU,0.6579,0
2026-03-07,Huelva,BNG,0.5777,0
2026-03-07,Huelva,CC,1.2444,0
2026-03-07,Huelva,ERC,1.1602,0
2026-03-07,Huelva,JUNTS,1.0179,0
2026-03-07,Huelva,OTROS,5.7158,0
2026-03-07,Huelva,PNV,1.1611,0
2026-03-07,Huelva,PP,31.1213,2
2026-03-07,Huelva,PSOE,27.5517,2
2026-03-07,Huelva,SALF,4.4447,0
2026-03-07,Huelva,SUMAR,8.1950,0
2026-03-07,Huelva,UPN,1.0715,0
2026-03-07,Huelva,VOX,16.0808,1
2026-03-07,Huesca,BILDU,1.7776,0
2026-03-07,Huesca,BNG,0.0243,0
2026-03-07,Huesca,CC,1.5223,0
2026-03-07,Huesca,ERC,1.9978,0
2026-03-07,Huesca,JUNTS,2.4801,0
2026-03-07,Huesca,OTROS,6.7274,0
2026-03-07,Huesca,PNV,0.7479,0
2026-03-07,Huesca,PP,29.9871,1
2026-03-07,Huesca,PSOE,26.6915,1
2026-03-07,Huesca,SALF,3.5025,0
2026-03-07,Huesca,SUMAR,7.9494,0
2026-03-07,Huesca,UPN,0.0000,0
2026-03-07,Huesca,VOX,16.5921,1
2026-03-07,Jaén,BILDU,1.5401,0
2026-03-07,Jaén,BNG,0.0601,0
2026-03-07,Jaén,CC,1.7271,0
2026-03-07,Jaén,ERC,2.4636,0
2026-03-07,Jaén,JUNTS,1.1937,0
2026-03-07,Jaén,OTROS,6.5962,0
2026-03-07,Jaén,PNV,1.2036,0
2026-03-07,Jaén,PP,28.8990,2
2026-03-07,Jaén,PSOE,26.1344,2
2026-03-07,Jaén,SALF,4.3990,0
2026-03-07,Jaén,SUMAR,8.5186,0
2026-03-07,Jaén,UPN,0.9339,0
2026-03-07,Jaén,VOX,16.3306,1
2026-03-07,La Coruña,BILDU,1.8228,0
2026-03-07,La Coruña,BNG,1.3668,0
2026-03-07,La Coruña,CC,0.8084,0
2026-03-07,La Coruña,ERC,1.7976,0
2026-03-07,La Coruña,JUNTS,1.5417,0
2026-03-07,La Coruña,OTROS,6.2694,0
2026-03-07,La Coruña,PNV,1.1885,0
2026-03-07,La Coruña,PP,29.5958,3
2026-03-07,La Coruña,PSOE,25.9531,3
2026-03-07,La Coruña,SALF,4.0840,0
2026-03-07,La Coruña,SUMAR,8.7264,1
2026-03-07,La Coruña,UPN,0.7918,0
2026-03-07,La Coruña,VOX,16.0537,1
2026-03-07,La Rioja,BILDU,1.9088,0
2026-03-07,La Rioja,BNG,0.0000,0
2026-03-07,La Rioja,CC,1.7726,0
2026-03-07,La Rioja,ERC,1.6956,0
2026-03-07,La Rioja,JUNTS,1.3900,0
2026-03-07,La Rioja,OTROS,6.2089,0
2026-03-07,La Rioja,PNV,0.5396,0
2026-03-07,La Rioja,PP,30.6968,2
2026-03-07,La Rioja,PSOE,26.6862,1
2026-03-07,La Rioja,SALF,4.3624,0
2026-03-07,La Rioja,SUMAR,8.8393,0
2026-03-07,La Rioja,UPN,0.1622,0
2026-03-07,La Rioja,VOX,15.7376,1
2026-03-07,Las Palmas,BILDU,1.4512,0
2026-03-07,Las Palmas,BNG,1.0072,0
2026-03-07,Las Palmas,CC,1.5552,0
2026-03-07,Las Palmas,ERC,2.0677,0
2026-03-07,Las Palmas,JUNTS,1.0284,0
2026-03-07,Las Palmas,OTROS,6.8075,0
2026-03-07,Las Palmas,PNV,0.6986,0
2026-03-07,Las Palmas,PP,29.3117,3
2026-03-07,Las Palmas,PSOE,27.1196,3
2026-03-07,Las Palmas,SALF,3.9612,0
2026-03-07,Las Palmas,SUMAR,8.5015,1
2026-03-07,Las Palmas,UPN,0.0463,0
2026-03-07,Las Palmas,VOX,16.4438,1
2026-03-07,León,BILDU,1.9334,0
2026-03-07,León,BNG,0.4617,0
2026-03-07,León,CC,1.4867,0
2026-03-07,León,ERC,1.8698,0
2026-03-07,León,JUNTS,2.2604,0
2026-03-07,León,OTROS,6.0256,0
2026-03-07,León,PNV,1.1952,0
2026-03-07,León,PP,29.7323,2
2026-03-07,León,PSOE,26.9799,1
2026-03-07,León,SALF,3.9100,0
2026-03-07,León,SUMAR,7.4576,0
2026-03-07,León,UPN,1.0659,0
2026-03-07,León,VOX,15.6216,1
2026-03-07,Lleida,BILDU,1.3261,0
2026-03-07,Lleida,BNG,1.2138,0
2026-03-07,Lleida,CC,1.1462,0
2026-03-07,Lleida,ERC,7.3307,0
2026-03-07,Lleida,JUNTS,6.4175,0
2026-03-07,Lleida,OTROS,4.9543,0
2026-03-07,Lleida,PNV,1.8907,0
2026-03-07,Lleida,PP,25.0729,2
2026-03-07,Lleida,PSOE,24.8957,1
2026-03-07,Lleida,SALF,4.2238,0
2026-03-07,Lleida,SUMAR,7.1351,0
2026-03-07,Lleida,UPN,0.0000,0
2026-03-07,Lleida,VOX,14.3932,1
2026-03-07,Lugo,BILDU,0.9789,0
2026-03-07,Lugo,BNG,1.4797,0
2026-03-07,Lugo,CC,1.7414,0
2026-03-07,Lugo,ERC,1.7314,0
2026-03-07,Lugo,JUNTS,1.2208,0
2026-03-07,Lugo,OTROS,6.2793,0
2026-03-07,Lugo,PNV,1.3874,0
2026-03-07,Lugo,PP,29.8285,2
2026-03-07,Lugo,PSOE,25.7090,1
2026-03-07,Lugo,SALF,4.0692,0
2026-03-07,Lugo,SUMAR,7.5902,0
2026-03-07,Lugo,UPN,1.3936,0
2026-03-07,Lugo,VOX,16.5906,1
2026-03-07,Madrid,BILDU,0.6294,0
2026-03-07,Madrid,BNG,0.0224,0
2026-03-07,Madrid,CC,0.2140,0
2026-03-07,Madrid,ERC,1.6137,0
2026-03-07,Madrid,JUNTS,1.6548,0
2026-03-07,Madrid,OTROS,6.1303,2
2026-03-07,Madrid,PNV,1.8223,0
2026-03-07,Madrid,PP,32.0718,13
2026-03-07,Madrid,PSOE,25.8825,11
2026-03-07,Madrid,SALF,3.0713,1
2026-03-07,Madrid,SUMAR,8.3892,3
2026-03-07,Madrid,UPN,1.0179,0
2026-03-07,Madrid,VOX,17.4805,7
2026-03-07,Melilla,BILDU,1.1507,0
2026-03-07,Melilla,BNG,0.0000,0
2026-03-07,Melilla,CC,1.5015,0
2026-03-07,Melilla,ERC,1.0828,0
2026-03-07,Melilla,JUNTS,1.8478,0
2026-03-07,Melilla,OTROS,6.2428,0
2026-03-07,Melilla,PNV,2.3169,0
2026-03-07,Melilla,PP,30.1630,1
2026-03-07,Melilla,PSOE,26.1764,0
2026-03-07,Melilla,SALF,4.8710,0
2026-03-07,Melilla,SUMAR,7.2146,0
2026-03-07,Melilla,UPN,0.7094,0
2026-03-07,Melilla,VOX,16.7232,0
2026-03-07,Murcia,BILDU,0.8342,0
2026-03-07,Murcia,BNG,0.1315,0
2026-03-07,Murcia,CC,1.0994,0
2026-03-07,Murcia,ERC,1.3301,0
2026-03-07,Murcia,JUNTS,2.6592,0
2026-03-07,Murcia,OTROS,5.8560,0
2026-03-07,Murcia,PNV,1.4746,0
2026-03-07,Murcia,PP,29.4655,4
2026-03-07,Murcia,PSOE,28.0156,3
2026-03-07,Murcia,SALF,3.9958,0
2026-03-07,Murcia,SUMAR,8.5326,1
2026-03-07,Murcia,UPN,0.8097,0
2026-03-07,Murcia,VOX,15.7958,2
2026-03-07,Málaga,BILDU,1.7098,0
2026-03-07,Málaga,BNG,0.3902,0
2026-03-07,Málaga,CC,0.0000,0
2026-03-07,Málaga,ERC,2.9288,0
2026-03-07,Málaga,JUNTS,2.7175,0
2026-03-07,Málaga,OTROS,5.5453,0
2026-03-07,Málaga,PNV,1.9684,0
2026-03-07,Málaga,PP,30.5075,4
2026-03-07,Málaga,PSOE,27.3135,4
2026-03-07,Málaga,SALF,3.2746,0
2026-03-07,Málaga,SUMAR,7.8633,1
2026-03-07,Málaga,UPN,0.0000,0
2026-03-07,Málaga,VOX,15.7811,2
2026-03-07,Navarra,BILDU,1.4913,0
2026-03-07,Navarra,BNG,0.6546,0
2026-03-07,Navarra,CC,1.2423,0
2026-03-07,Navarra,ERC,1.0803,0
2026-03-07,Navarra,JUNTS,2.0429,0
2026-03-07,Navarra,OTROS,5.7190,0
2026-03-07,Navarra,PNV,1.2477,0
2026-03-07,Navarra,PP,29.9540,2
2026-03-07,Navarra,PSOE,26.9448,2
2026-03-07,Navarra,SALF,4.6147,0
2026-03-07,Navarra,SUMAR,8.5237,0
2026-03-07,Navarra,UPN,0.0000,0
2026-03-07,Navarra,VOX,16.4847,1
2026-03-07,Ourense,BILDU,1.6450,0
2026-03-07,Ourense,BNG,1.1734,0
2026-03-07,Ourense,CC,0.5627,0
2026-03-07,Ourense,ERC,2.5786,0
2026-03-07,Ourense,JUNTS,1.2563,0
2026-03-07,Ourense,OTROS,6.8708,0
2026-03-07,Ourense,PNV,2.2592,0
2026-03-07,Ourense,PP,29.2086,2
2026-03-07,Ourense,PSOE,27.1120,1
2026-03-07,Ourense,SALF,4.8504,0
2026-03-07,Ourense,SUMAR,7.1385,0
2026-03-07,Ourense,UPN,0.0000,0
2026-03-07,Ourense,VOX,15.3446,1
2026-03-07,Palencia,BILDU,2.0840,0
2026-03-07,Palencia,BNG,0.3091,0
2026-03-07,Palencia,CC,0.0942,0
2026-03-07,Palencia,ERC,1.0594,0
2026-03-07,Palencia,JUNTS,1.6667,0
2026-03-07,Palencia,OTROS,7.1919,0
2026-03-07,Palencia,PNV,1.3729,0
2026-03-07,Palencia,PP,29.9812,1
2026-03-07,Palencia,PSOE,26.3631,1
2026-03-07,Palencia,SALF,4.9785,0
2026-03-07,Palencia,SUMAR,8.1348,0
2026-03-07,Palencia,UPN,0.8589,0
2026-03-07,Palencia,VOX,15.9053,1
2026-03-07,Pontevedra,BILDU,0.2264,0
2026-03-07,Pontevedra,BNG,0.6000,0
2026-03-07,Pontevedra,CC,1.6929,0
2026-03-07,Pontevedra,ERC,2.2780,0
2026-03-07,Pontevedra,JUNTS,2.8827,0
2026-03-07,Pontevedra,OTROS,5.8922,0
2026-03-07,Pontevedra,PNV,1.4458,0
2026-03-07,Pontevedra,PP,30.1461,3
2026-03-07,Pontevedra,PSOE,27.4023,3
2026-03-07,Pontevedra,SALF,3.3643,0
2026-03-07,Pontevedra,SUMAR,7.8243,0
2026-03-07,Pontevedra,UPN,0.6703,0
2026-03-07,Pontevedra,VOX,15.5747,1
2026-03-07,Salamanca,BILDU,1.0289,0
2026-03-07,Salamanca,BNG,1.1100,0
2026-03-07,Salamanca,CC,0.7879,0
2026-03-07,Salamanca,ERC,2.0689,0
2026-03-07,Salamanca,JUNTS,2.3477,0
2026-03-07,Salamanca,OTROS,5.3231,0
2026-03-07,Salamanca,PNV,2.0660,0
2026-03-07,Salamanca,PP,30.5329,2
2026-03-07,Salamanca,PSOE,27.1243,1
2026-03-07,Salamanca,SALF,3.4940,0
2026-03-07,Salamanca,SUMAR,7.2509,0
2026-03-07,Salamanca,UPN,1.1844,0
2026-03-07,Salamanca,VOX,15.6809,1
2026-03-07,Santa Cruz de Tenerife,BILDU,0.8870,0
2026-03-07,Santa Cruz de Tenerife,BNG,1.3238,0
2026-03-07,Santa Cruz de Tenerife,CC,0.4234,0
2026-03-07,Santa Cruz de Tenerife,ERC,2.0450,0
2026-03-07,Santa Cruz de Tenerife,JUNTS,2.4664,0
2026-03-07,Santa Cruz de Tenerife,OTROS,6.0775,0
2026-03-07,Santa Cruz de Tenerife,PNV,1.5962,0
2026-03-07,Santa Cruz de Tenerife,PP,29.7619,3
2026-03-07,Santa Cruz de Tenerife,PSOE,26.1253,3
2026-03-07,Santa Cruz de Tenerife,SALF,3.6092,0
2026-03-07,Santa Cruz de Tenerife,SUMAR,8.3103,0
2026-03-07,Santa Cruz de Tenerife,UPN,1.0447,0
2026-03-07,Santa Cruz de Tenerife,VOX,16.3293,1
2026-03-07,Segovia,BILDU,1.0998,0
2026-03-07,Segovia,BNG,0.0000,0
2026-03-07,Segovia,CC,0.8583,0
2026-03-07,Segovia,ERC,1.8454,0
2026-03-07,Segovia,JUNTS,2.6922,0
2026-03-07,Segovia,OTROS,6.5784,0
2026-03-07,Segovia,PNV,1.6003,0
2026-03-07,Segovia,PP,30.5147,1
2026-03-07,Segovia,PSOE,27.2959,1
2026-03-07,Segovia,SALF,3.1863,0
2026-03-07,Segovia,SUMAR,8.2227,0
2026-03-07,Segovia,UPN,0.7254,0
2026-03-07,Segovia,VOX,15.3807,1
2026-03-07,Sevilla,BILDU,1.9390,0
2026-03-07,Sevilla,BNG,0.0000,0
2026-03-07,Sevilla,CC,0.3031,0
2026-03-07,Sevilla,ERC,2.7372,0
2026-03-07,Sevilla,JUNTS,2.2530,0
2026-03-07,Sevilla,OTROS,7.0403,1
2026-03-07,Sevilla,PNV,1.0199,0
2026-03-07,Sevilla,PP,29.1854,4
2026-03-07,Sevilla,PSOE,26.3251,4
2026-03-07,Sevilla,SALF,4.2019,0
2026-03-07,Sevilla,SUMAR,8.4602,1
2026-03-07,Sevilla,UPN,0.0000,0
2026-03-07,Sevilla,VOX,16.5348,2
2026-03-07,Soria,BILDU,1.4735,0
2026-03-07,Soria,BNG,1.3069,0
2026-03-07,Soria,CC,1.1446,0
2026-03-07,Soria,ERC,2.9342,0
2026-03-07,Soria,JUNTS,2.6348,0
2026-03-07,Soria,OTROS,5.9943,0
2026-03-07,Soria,PNV,1.1274,0
2026-03-07,Soria,PP,29.0291,1
2026-03-07,Soria,PSOE,26.0354,1
2026-03-07,Soria,SALF,3.2571,0
2026-03-07,Soria,SUMAR,7.9044,0
2026-03-07,Soria,UPN,0.8191,0
2026-03-07,Soria,VOX,16.3391,0
2026-03-07,Tarragona,BILDU,0.6490,0
2026-03-07,Tarragona,BNG,0.9215,0
2026-03-07,Tarragona,CC,1.1070,0
2026-03-07,Tarragona,ERC,6.8628,0
2026-03-07,Tarragona,JUNTS,5.1759,0
2026-03-07,Tarragona,OTROS,6.5117,0
2026-03-07,Tarragona,PNV,1.8843,0
2026-03-07,Tarragona,PP,25.8650,3
2026-03-07,Tarragona,PSOE,24.9481,2
2026-03-07,Tarragona,SALF,3.1087,0
2026-03-07,Tarragona,SUMAR,6.8940,0
2026-03-07,Tarragona,UPN,0.9898,0
2026-03-07,Tarragona,VOX,15.0821,1
2026-03-07,Teruel,BILDU,1.3326,0
2026-03-07,Teruel,BNG,1.4029,0
2026-03-07,Teruel,CC,0.7574,0
2026-03-07,Teruel,ERC,1.2806,0
2026-03-07,Teruel,JUNTS,1.0590,0
2026-03-07,Teruel,OTROS,7.0418,0
2026-03-07,Teruel,PNV,1.3535,0
2026-03-07,Teruel,PP,30.4660,1
2026-03-07,Teruel,PSOE,26.7134,1
2026-03-07,Teruel,SALF,4.8654,0
2026-03-07,Teruel,SUMAR,7.3636,0
2026-03-07,Teruel,UPN,0.8944,0
2026-03-07,Teruel,VOX,15.4697,1
2026-03-07,Toledo,BILDU,0.8358,0
2026-03-07,Toledo,BNG,0.0000,0
2026-03-07,Toledo,CC,1.3446,0
2026-03-07,Toledo,ERC,1.3389,0
2026-03-07,Toledo,JUNTS,2.1164,0
2026-03-07,Toledo,OTROS,5.7589,0
2026-03-07,Toledo,PNV,1.8187,0
2026-03-07,Toledo,PP,30.7963,3
2026-03-07,Toledo,PSOE,27.9052,2
2026-03-07,Toledo,SALF,3.2693,0
2026-03-07,Toledo,SUMAR,8.4484,0
2026-03-07,Toledo,UPN,0.4508,0
2026-03-07,Toledo,VOX,15.9166,1
2026-03-07,Valencia,BILDU,0.8743,0
2026-03-07,Valencia,BNG,0.7020,0
2026-03-07,Valencia,CC,0.0000,0
2026-03-07,Valencia,ERC,2.1913,0
2026-03-07,Valencia,JUNTS,2.7133,0
2026-03-07,Valencia,OTROS,6.1672,1
2026-03-07,Valencia,PNV,2.0424,0
2026-03-07,Valencia,PP,29.6792,6
2026-03-07,Valencia,PSOE,28.1276,5
2026-03-07,Valencia,SALF,3.4621,0
2026-03-07,Valencia,SUMAR,7.1110,1
2026-03-07,Valencia,UPN,0.9302,0
2026-03-07,Valencia,VOX,15.9995,3
2026-03-07,Valladolid,BILDU,1.7857,0
2026-03-07,Valladolid,BNG,0.2936,0
2026-03-07,Valladolid,CC,0.0502,0
2026-03-07,Valladolid,ERC,2.0662,0
2026-03-07,Valladolid,JUNTS,1.3426,0
2026-03-07,Valladolid,OTROS,7.0014,0
2026-03-07,Valladolid,PNV,2.3050,0
2026-03-07,Valladolid,PP,30.1655,2
2026-03-07,Valladolid,PSOE,26.5045,2
2026-03-07,Valladolid,SALF,3.5947,0
2026-03-07,Valladolid,SUMAR,7.3667,0
2026-03-07,Valladolid,UPN,1.3883,0
2026-03-07,Valladolid,VOX,16.1355,1
2026-03-07,Vizcaya,BILDU,5.4390,0
2026-03-07,Vizcaya,BNG,0.4511,0
2026-03-07,Vizcaya,CC,0.5635,0
2026-03-07,Vizcaya,ERC,1.8694,0
2026-03-07,Vizcaya,JUNTS,1.4368,0
2026-03-07,Vizcaya,OTROS,5.9810,0
2026-03-07,Vizcaya,PNV,6.4329,0
2026-03-07,Vizcaya,PP,26.3783,3
2026-03-07,Vizcaya,PSOE,24.3828,3
2026-03-07,Vizcaya,SALF,3.8974,0
2026-03-07,Vizcaya,SUMAR,7.4886,1
2026-03-07,Vizcaya,UPN,0.8724,0
2026-03-07,Vizcaya,VOX,14.8068,1
2026-03-07,Zamora,BILDU,1.2265,0
2026-03-07,Zamora,BNG,0.0364,0
2026-03-07,Zamora,CC,0.7506,0
2026-03-07,Zamora,ERC,1.3511,0
2026-03-07,Zamora,JUNTS,1.9749,0
2026-03-07,Zamora,OTROS,7.1311,0
2026-03-07,Zamora,PNV,1.0003,0
2026-03-07,Zamora,PP,30.1296,1
2026-03-07,Zamora,PSOE,26.4352,1
2026-03-07,Zamora,SALF,4.2191,0
2026-03-07,Zamora,SUMAR,8.9059,0
2026-03-07,Zamora,UPN,1.4453,0
2026-03-07,Zamora,VOX,15.3940,1
2026-03-07,Zaragoza,BILDU,1.3737,0
2026-03-07,Zaragoza,BNG,0.5871,0
2026-03-07,Zaragoza,CC,1.4672,0
2026-03-07,Zaragoza,ERC,2.3788,0
2026-03-07,Zaragoza,JUNTS,1.4251,0
2026-03-07,Zaragoza,OTROS,6.9591,0
2026-03-07,Zaragoza,PNV,0.9563,0
2026-03-07,Zaragoza,PP,29.6614,3
2026-03-07,Zaragoza,PSOE,27.5198,3
2026-03-07,Zaragoza,SALF,3.4685,0
2026-03-07,Zaragoza,SUMAR,7.4733,0
2026-03-07,Zaragoza,UPN,0.0000,0
2026-03-07,Zaragoza,VOX,16.7296,1
2026-03-07,Álava,BILDU,4.9061,0
2026-03-07,Álava,BNG,0.3088,0
2026-03-07,Álava,CC,0.9561,0
2026-03-07,Álava,ERC,2.0145,0
2026-03-07,Álava,JUNTS,1.1935,0
2026-03-07,Álava,OTROS,5.7789,0
2026-03-07,Álava,PNV,7.7013,0
2026-03-07,Álava,PP,27.1994,2
2026-03-07,Álava,PSOE,24.1187,1
2026-03-07,Álava,SALF,3.0585,0
2026-03-07,Álava,SUMAR,7.5384,0
2026-03-07,Álava,UPN,0.6968,0
2026-03-07,Álava,VOX,14.5291,1
2026-03-07,Ávila,BILDU,1.1465,0
2026-03-07,Ávila,BNG,0.2329,0
2026-03-07,Ávila,CC,1.3300,0
2026-03-07,Ávila,ERC,2.1860,0
2026-03-07,Ávila,JUNTS,1.3261,0
2026-03-07,Ávila,OTROS,5.6221,0
2026-03-07,Ávila,PNV,1.5630,0
2026-03-07,Ávila,PP,30.4451,1
2026-03-07,Ávila,PSOE,27.8552,1
2026-03-07,Ávila,SALF,4.7349,0
2026-03-07,Ávila,SUMAR,7.1942,0
2026-03-07,Ávila,UPN,0.0000,0
2026-03-07,Ávila,VOX,16.3640,1
2026-03-06,Albacete,BILDU,0.3899,0
2026-03-06,Albacete,BNG,1.1663,0
2026-03-06,Albacete,CC,0.7895,0
2026-03-06,Albacete,ERC,2.8340,0
2026-03-06,Albacete,JUNTS,1.4137,0
2026-03-06,Albacete,OTROS,6.3550,0
2026-03-06,Albacete,PNV,2.1030,0
2026-03-06,Albacete,PP,29.7092,2
2026-03-06,Albacete,PSOE,26.9221,1
2026-03-06,Albacete,SALF,3.6004,0
2026-03-06,Albacete,SUMAR,8.6673,0
2026-03-06,Albacete,UPN,0.6985,0
2026-03-06,Albacete,VOX,15.3510,1
2026-03-06,Alicante,BILDU,1.3276,0
2026-03-06,Alicante,BNG,1.3517,0
2026-03-06,Alicante,CC,0.7977,0
2026-03-06,Alicante,ERC,2.8705,0
2026-03-06,Alicante,JUNTS,2.0645,0
2026-03-06,Alicante,OTROS,5.7958,1
2026-03-06,Alicante,PNV,2.4046,0
2026-03-06,Alicante,PP,28.1166,4
2026-03-06,Alicante,PSOE,26.2247,4
2026-03-06,Alicante,SALF,4.2731,0
2026-03-06,Alicante,SUMAR,7.5678,1
2026-03-06,Alicante,UPN,0.9659,0
2026-03-06,Alicante,VOX,16.2397,2
2026-03-06,Almería,BILDU,1.6323,0
2026-03-06,Almería,BNG,1.4332,0
2026-03-06,Almería,CC,1.6816,0
2026-03-06,Almería,ERC,1.0447,0
2026-03-06,Almería,JUNTS,1.8816,0
2026-03-06,Almería,OTROS,5.3553,0
2026-03-06,Almería,PNV,1.7254,0
2026-03-06,Almería,PP,28.4941,3
2026-03-06,Almería,PSOE,26.8566,2
2026-03-06,Almería,SALF,4.6702,0
2026-03-06,Almería,SUMAR,7.3587,0
2026-03-06,Almería,UPN,1.3736,0
2026-03-06,Almería,VOX,16.4927,1
2026-03-06,Asturias,BILDU,1.0952,0
2026-03-06,Asturias,BNG,0.6123,0
2026-03-06,Asturias,CC,0.7540,0
2026-03-06,Asturias,ERC,2.1794,0
2026-03-06,Asturias,JUNTS,2.0679,0
2026-03-06,Asturias,OTROS,6.3067,0
2026-03-06,Asturias,PNV,1.2226,0
2026-03-06,Asturias,PP,30.2076,3
2026-03-06,Asturias,PSOE,27.2544,3
2026-03-06,Asturias,SALF,3.4277,0
2026-03-06,Asturias,SUMAR,7.7435,0
2026-03-06,Asturias,UPN,0.7525,0
2026-03-06,Asturias,VOX,16.3761,1
2026-03-06,Badajoz,BILDU,0.2606,0
2026-03-06,Badajoz,BNG,0.0000,0
2026-03-06,Badajoz,CC,1.5899,0
2026-03-06,Badajoz,ERC,2.3915,0
2026-03-06,Badajoz,JUNTS,1.2792,0
2026-03-06,Badajoz,OTROS,7.3027,0
2026-03-06,Badajoz,PNV,0.7439,0
2026-03-06,Badajoz,PP,29.4696,3
2026-03-06,Badajoz,PSOE,26.6582,2
2026-03-06,Badajoz,SALF,4.9506,0
2026-03-06,Badajoz,SUMAR,9.1025,0
2026-03-06,Badajoz,UPN,0.3949,0
2026-03-06,Badajoz,VOX,15.8564,1
2026-03-06,Baleares,BILDU,1.1773,0
2026-03-06,Baleares,BNG,0.0000,0
2026-03-06,Baleares,CC,0.0000,0
2026-03-06,Baleares,ERC,1.0987,0
2026-03-06,Baleares,JUNTS,2.1821,0
2026-03-06,Baleares,OTROS,5.5763,0
2026-03-06,Baleares,PNV,1.0836,0
2026-03-06,Baleares,PP,31.5202,3
2026-03-06,Baleares,PSOE,27.8083,3
2026-03-06,Baleares,SALF,3.6531,0
2026-03-06,Baleares,SUMAR,8.6730,1
2026-03-06,Baleares,UPN,1.3030,0
2026-03-06,Baleares,VOX,15.9242,1
2026-03-06,Barcelona,BILDU,1.5677,0
2026-03-06,Barcelona,BNG,0.8194,0
2026-03-06,Barcelona,CC,1.2468,0
2026-03-06,Barcelona,ERC,6.8593,2
2026-03-06,Barcelona,JUNTS,6.0326,2
2026-03-06,Barcelona,OTROS,5.7166,2
2026-03-06,Barcelona,PNV,0.9455,0
2026-03-06,Barcelona,PP,26.5166,9
2026-03-06,Barcelona,PSOE,24.4532,9
2026-03-06,Barcelona,SALF,2.8101,1
2026-03-06,Barcelona,SUMAR,7.4070,2
2026-03-06,Barcelona,UPN,0.2743,0
2026-03-06,Barcelona,VOX,15.3510,5
2026-03-06,Burgos,BILDU,1.2936,0
2026-03-06,Burgos,BNG,1.3418,0
2026-03-06,Burgos,CC,1.5018,0
2026-03-06,Burgos,ERC,0.9993,0
2026-03-06,Burgos,JUNTS,2.0082,0
2026-03-06,Burgos,OTROS,6.8784,0
2026-03-06,Burgos,PNV,2.2965,0
2026-03-06,Burgos,PP,29.5942,2
2026-03-06,Burgos,PSOE,26.0879,1
2026-03-06,Burgos,SALF,4.3777,0
2026-03-06,Burgos,SUMAR,7.0161,0
2026-03-06,Burgos,UPN,0.0431,0
2026-03-06,Burgos,VOX,16.5612,1
2026-03-06,Cantabria,BILDU,0.6881,0
2026-03-06,Cantabria,BNG,0.5986,0
2026-03-06,Cantabria,CC,1.5797,0
2026-03-06,Cantabria,ERC,2.7581,0
2026-03-06,Cantabria,JUNTS,1.3230,0
2026-03-06,Cantabria,OTROS,6.3836,0
2026-03-06,Cantabria,PNV,2.2141,0
2026-03-06,Cantabria,PP,29.4674,2
2026-03-06,Cantabria,PSOE,26.3216,2
2026-03-06,Cantabria,SALF,3.6548,0
2026-03-06,Cantabria,SUMAR,8.6109,0
2026-03-06,Cantabria,UPN,1.1447,0
2026-03-06,Cantabria,VOX,15.2555,1
2026-03-06,Castellón,BILDU,1.6308,0
2026-03-06,Castellón,BNG,0.0109,0
2026-03-06,Castellón,CC,0.2721,0
2026-03-06,Castellón,ERC,2.4721,0
2026-03-06,Castellón,JUNTS,2.1561,0
2026-03-06,Castellón,OTROS,6.5691,0
2026-03-06,Castellón,PNV,2.0987,0
2026-03-06,Castellón,PP,29.3777,2
2026-03-06,Castellón,PSOE,26.3990,2
2026-03-06,Castellón,SALF,3.8014,0
2026-03-06,Castellón,SUMAR,8.4045,0
2026-03-06,Castellón,UPN,1.2883,0
2026-03-06,Castellón,VOX,15.5191,1
2026-03-06,Ceuta,BILDU,2.1616,0
2026-03-06,Ceuta,BNG,1.6760,0
2026-03-06,Ceuta,CC,0.3270,0
2026-03-06,Ceuta,ERC,2.0724,0
2026-03-06,Ceuta,JUNTS,2.7345,0
2026-03-06,Ceuta,OTROS,6.8624,0
2026-03-06,Ceuta,PNV,1.4093,0
2026-03-06,Ceuta,PP,29.4908,1
2026-03-06,Ceuta,PSOE,26.4223,0
2026-03-06,Ceuta,SALF,3.4696,0
2026-03-06,Ceuta,SUMAR,8.3474,0
2026-03-06,Ceuta,UPN,0.0000,0
2026-03-06,Ceuta,VOX,15.0267,0
2026-03-06,Ciudad Real,BILDU,1.0369,0
2026-03-06,Ciudad Real,BNG,1.1577,0
2026-03-06,Ciudad Real,CC,0.3807,0
2026-03-06,Ciudad Real,ERC,2.1667,0
2026-03-06,Ciudad Real,JUNTS,2.7426,0
2026-03-06,Ciudad Real,OTROS,6.0089,0
2026-03-06,Ciudad Real,PNV,0.6846,0
2026-03-06,Ciudad Real,PP,30.7629,2
2026-03-06,Ciudad Real,PSOE,26.1646,2
2026-03-06,Ciudad Real,SALF,4.5016,0
2026-03-06,Ciudad Real,SUMAR,7.0641,0
2026-03-06,Ciudad Real,UPN,1.2644,0
2026-03-06,Ciudad Real,VOX,16.0643,1
2026-03-06,Cuenca,BILDU,0.9295,0
2026-03-06,Cuenca,BNG,1.2246,0
2026-03-06,Cuenca,CC,0.0948,0
2026-03-06,Cuenca,ERC,1.6024,0
2026-03-06,Cuenca,JUNTS,1.3018,0
2026-03-06,Cuenca,OTROS,5.7043,0
2026-03-06,Cuenca,PNV,1.3992,0
2026-03-06,Cuenca,PP,30.2321,1
2026-03-06,Cuenca,PSOE,28.2806,1
2026-03-06,Cuenca,SALF,5.0988,0
2026-03-06,Cuenca,SUMAR,8.1998,0
2026-03-06,Cuenca,UPN,0.0000,0
2026-03-06,Cuenca,VOX,15.9320,1
2026-03-06,Cáceres,BILDU,0.2397,0
2026-03-06,Cáceres,BNG,0.0000,0
2026-03-06,Cáceres,CC,0.0000,0
2026-03-06,Cáceres,ERC,1.0625,0
2026-03-06,Cáceres,JUNTS,2.3322,0
2026-03-06,Cáceres,OTROS,5.5934,0
2026-03-06,Cáceres,PNV,1.8386,0
2026-03-06,Cáceres,PP,30.9344,2
2026-03-06,Cáceres,PSOE,27.1619,1
2026-03-06,Cáceres,SALF,4.0152,0
2026-03-06,Cáceres,SUMAR,8.7339,0
2026-03-06,Cáceres,UPN,1.1876,0
2026-03-06,Cáceres,VOX,16.9007,1
2026-03-06,Cádiz,BILDU,1.2124,0
2026-03-06,Cádiz,BNG,0.5620,0
2026-03-06,Cádiz,CC,1.6912,0
2026-03-06,Cádiz,ERC,2.2586,0
2026-03-06,Cádiz,JUNTS,2.8352,0
2026-03-06,Cádiz,OTROS,6.9954,0
2026-03-06,Cádiz,PNV,1.5247,0
2026-03-06,Cádiz,PP,29.2645,4
2026-03-06,Cádiz,PSOE,27.2770,3
2026-03-06,Cádiz,SALF,3.5945,0
2026-03-06,Cádiz,SUMAR,6.8870,0
2026-03-06,Cádiz,UPN,0.6904,0
2026-03-06,Cádiz,VOX,15.2071,2
2026-03-06,Córdoba,BILDU,1.5637,0
2026-03-06,Córdoba,BNG,0.3046,0
2026-03-06,Córdoba,CC,0.1160,0
2026-03-06,Córdoba,ERC,2.9541,0
2026-03-06,Córdoba,JUNTS,1.0986,0
2026-03-06,Córdoba,OTROS,5.3268,0
2026-03-06,Córdoba,PNV,2.2818,0
2026-03-06,Córdoba,PP,30.1783,3
2026-03-06,Córdoba,PSOE,27.5522,2
2026-03-06,Córdoba,SALF,3.0173,0
2026-03-06,Córdoba,SUMAR,8.5451,0
2026-03-06,Córdoba,UPN,1.0298,0
2026-03-06,Córdoba,VOX,16.0319,1
2026-03-06,Girona,BILDU,1.5709,0
2026-03-06,Girona,BNG,1.2104,0
2026-03-06,Girona,CC,1.6086,0
2026-03-06,Girona,ERC,6.5250,0
2026-03-06,Girona,JUNTS,5.6420,0
2026-03-06,Girona,OTROS,5.6884,0
2026-03-06,Girona,PNV,2.1038,0
2026-03-06,Girona,PP,25.0029,3
2026-03-06,Girona,PSOE,24.2878,2
2026-03-06,Girona,SALF,3.6952,0
2026-03-06,Girona,SUMAR,7.4957,0
2026-03-06,Girona,UPN,1.0283,0
2026-03-06,Girona,VOX,14.1411,1
2026-03-06,Granada,BILDU,0.5563,0
2026-03-06,Granada,BNG,1.3778,0
2026-03-06,Granada,CC,0.6391,0
2026-03-06,Granada,ERC,1.6424,0
2026-03-06,Granada,JUNTS,1.0491,0
2026-03-06,Granada,OTROS,6.3972,0
2026-03-06,Granada,PNV,1.8903,0
2026-03-06,Granada,PP,30.2089,3
2026-03-06,Granada,PSOE,27.9323,3
2026-03-06,Granada,SALF,3.3198,0
2026-03-06,Granada,SUMAR,8.5262,0
2026-03-06,Granada,UPN,0.1574,0
2026-03-06,Granada,VOX,16.3031,1
2026-03-06,Guadalajara,BILDU,0.2669,0
2026-03-06,Guadalajara,BNG,0.7505,0
2026-03-06,Guadalajara,CC,0.0551,0
2026-03-06,Guadalajara,ERC,2.5369,0
2026-03-06,Guadalajara,JUNTS,1.4500,0
2026-03-06,Guadalajara,OTROS,6.7972,0
2026-03-06,Guadalajara,PNV,0.5780,0
2026-03-06,Guadalajara,PP,29.5052,1
2026-03-06,Guadalajara,PSOE,27.9863,1
2026-03-06,Guadalajara,SALF,4.4486,0
2026-03-06,Guadalajara,SUMAR,7.2901,0
2026-03-06,Guadalajara,UPN,1.3486,0
2026-03-06,Guadalajara,VOX,16.9866,1
2026-03-06,Guipúzcoa,BILDU,6.3286,0
2026-03-06,Guipúzcoa,BNG,0.6686,0
2026-03-06,Guipúzcoa,CC,0.3454,0
2026-03-06,Guipúzcoa,ERC,0.9394,0
2026-03-06,Guipúzcoa,JUNTS,1.8661,0
2026-03-06,Guipúzcoa,OTROS,6.2698,0
2026-03-06,Guipúzcoa,PNV,6.2461,0
2026-03-06,Guipúzcoa,PP,27.3869,3
2026-03-06,Guipúzcoa,PSOE,24.2897,2
2026-03-06,Guipúzcoa,SALF,4.3512,0
2026-03-06,Guipúzcoa,SUMAR,6.7902,0
2026-03-06,Guipúzcoa,UPN,0.0000,0
2026-03-06,Guipúzcoa,VOX,14.5181,1
2026-03-06,Huelva,BILDU,0.8659,0
2026-03-06,Huelva,BNG,0.0000,0
2026-03-06,Huelva,CC,1.4620,0
2026-03-06,Huelva,ERC,1.7781,0
2026-03-06,Huelva,JUNTS,1.0389,0
2026-03-06,Huelva,OTROS,6.7408,0
2026-03-06,Huelva,PNV,1.2440,0
2026-03-06,Huelva,PP,29.7772,2
2026-03-06,Huelva,PSOE,26.9647,2
2026-03-06,Huelva,SALF,4.2569,0
2026-03-06,Huelva,SUMAR,7.8982,0
2026-03-06,Huelva,UPN,1.4743,0
2026-03-06,Huelva,VOX,16.4989,1
2026-03-06,Huesca,BILDU,2.0838,0
2026-03-06,Huesca,BNG,0.0551,0
2026-03-06,Huesca,CC,0.4196,0
2026-03-06,Huesca,ERC,1.2376,0
2026-03-06,Huesca,JUNTS,1.7314,0
2026-03-06,Huesca,OTROS,5.5876,0
2026-03-06,Huesca,PNV,1.4366,0
2026-03-06,Huesca,PP,30.3275,1
2026-03-06,Huesca,PSOE,26.4422,1
2026-03-06,Huesca,SALF,5.0418,0
2026-03-06,Huesca,SUMAR,8.8379,0
2026-03-06,Huesca,UPN,0.2103,0
2026-03-06,Huesca,VOX,16.5885,1
2026-03-06,Jaén,BILDU,1.9387,0
2026-03-06,Jaén,BNG,0.1263,0
2026-03-06,Jaén,CC,1.7202,0
2026-03-06,Jaén,ERC,2.1022,0
2026-03-06,Jaén,JUNTS,1.5160,0
2026-03-06,Jaén,OTROS,6.1599,0
2026-03-06,Jaén,PNV,1.9438,0
2026-03-06,Jaén,PP,30.0991,2
2026-03-06,Jaén,PSOE,26.8318,2
2026-03-06,Jaén,SALF,3.8762,0
2026-03-06,Jaén,SUMAR,7.5105,0
2026-03-06,Jaén,UPN,0.9703,0
2026-03-06,Jaén,VOX,15.2051,1
2026-03-06,La Coruña,BILDU,1.6972,0
2026-03-06,La Coruña,BNG,0.9875,0
2026-03-06,La Coruña,CC,1.5430,0
2026-03-06,La Coruña,ERC,2.5532,0
2026-03-06,La Coruña,JUNTS,2.8846,0
2026-03-06,La Coruña,OTROS,7.0119,0
2026-03-06,La Coruña,PNV,1.0170,0
2026-03-06,La Coruña,PP,28.5800,3
2026-03-06,La Coruña,PSOE,26.3900,3
2026-03-06,La Coruña,SALF,3.5616,0
2026-03-06,La Coruña,SUMAR,7.1241,0
2026-03-06,La Coruña,UPN,0.8935,0
2026-03-06,La Coruña,VOX,15.7564,2
2026-03-06,La Rioja,BILDU,0.6470,0
2026-03-06,La Rioja,BNG,0.3659,0
2026-03-06,La Rioja,CC,1.3722,0
2026-03-06,La Rioja,ERC,2.1430,0
2026-03-06,La Rioja,JUNTS,1.7322,0
2026-03-06,La Rioja,OTROS,5.4159,0
2026-03-06,La Rioja,PNV,2.4220,0
2026-03-06,La Rioja,PP,30.0054,2
2026-03-06,La Rioja,PSOE,27.5627,1
2026-03-06,La Rioja,SALF,4.1266,0
2026-03-06,La Rioja,SUMAR,7.3081,0
2026-03-06,La Rioja,UPN,1.4110,0
2026-03-06,La Rioja,VOX,15.4879,1
2026-03-06,Las Palmas,BILDU,1.0802,0
2026-03-06,Las Palmas,BNG,1.4013,0
2026-03-06,Las Palmas,CC,1.3973,0
2026-03-06,Las Palmas,ERC,1.9611,0
2026-03-06,Las Palmas,JUNTS,1.4330,0
2026-03-06,Las Palmas,OTROS,6.3440,0
2026-03-06,Las Palmas,PNV,2.1144,0
2026-03-06,Las Palmas,PP,29.6501,3
2026-03-06,Las Palmas,PSOE,25.8606,3
2026-03-06,Las Palmas,SALF,3.5686,0
2026-03-06,Las Palmas,SUMAR,8.5639,1
2026-03-06,Las Palmas,UPN,0.1144,0
2026-03-06,Las Palmas,VOX,16.5112,1
2026-03-06,León,BILDU,0.9891,0
2026-03-06,León,BNG,1.5759,0
2026-03-06,León,CC,1.3902,0
2026-03-06,León,ERC,1.7551,0
2026-03-06,León,JUNTS,1.1140,0
2026-03-06,León,OTROS,6.7989,0
2026-03-06,León,PNV,2.1834,0
2026-03-06,León,PP,29.8687,2
2026-03-06,León,PSOE,27.5209,1
2026-03-06,León,SALF,3.2920,0
2026-03-06,León,SUMAR,8.6210,0
2026-03-06,León,UPN,0.0000,0
2026-03-06,León,VOX,14.8908,1
2026-03-06,Lleida,BILDU,1.2410,0
2026-03-06,Lleida,BNG,0.9940,0
2026-03-06,Lleida,CC,0.7787,0
2026-03-06,Lleida,ERC,6.1197,0
2026-03-06,Lleida,JUNTS,6.1578,0
2026-03-06,Lleida,OTROS,6.4850,0
2026-03-06,Lleida,PNV,1.4222,0
2026-03-06,Lleida,PP,26.2360,2
2026-03-06,Lleida,PSOE,25.1617,1
2026-03-06,Lleida,SALF,3.6145,0
2026-03-06,Lleida,SUMAR,7.6603,0
2026-03-06,Lleida,UPN,0.0000,0
2026-03-06,Lleida,VOX,14.1290,1
2026-03-06,Lugo,BILDU,1.6170,0
2026-03-06,Lugo,BNG,1.5640,0
2026-03-06,Lugo,CC,0.5411,0
2026-03-06,Lugo,ERC,1.2916,0
2026-03-06,Lugo,JUNTS,1.7821,0
2026-03-06,Lugo,OTROS,5.5728,0
2026-03-06,Lugo,PNV,2.3460,0
2026-03-06,Lugo,PP,30.6687,2
2026-03-06,Lugo,PSOE,26.7733,1
2026-03-06,Lugo,SALF,4.5441,0
2026-03-06,Lugo,SUMAR,7.6056,0
2026-03-06,Lugo,UPN,0.3028,0
2026-03-06,Lugo,VOX,15.3911,1
2026-03-06,Madrid,BILDU,0.1975,0
2026-03-06,Madrid,BNG,0.4447,0
2026-03-06,Madrid,CC,0.2047,0
2026-03-06,Madrid,ERC,2.3923,1
2026-03-06,Madrid,JUNTS,2.0615,0
2026-03-06,Madrid,OTROS,6.5301,2
2026-03-06,Madrid,PNV,1.0920,0
2026-03-06,Madrid,PP,32.4480,13
2026-03-06,Madrid,PSOE,26.0952,11
2026-03-06,Madrid,SALF,3.8914,1
2026-03-06,Madrid,SUMAR,8.2282,3
2026-03-06,Madrid,UPN,0.0131,0
2026-03-06,Madrid,VOX,16.4012,6
2026-03-06,Melilla,BILDU,1.0717,0
2026-03-06,Melilla,BNG,1.1218,0
2026-03-06,Melilla,CC,0.8308,0
2026-03-06,Melilla,ERC,1.1026,0
2026-03-06,Melilla,JUNTS,1.9393,0
2026-03-06,Melilla,OTROS,6.4292,0
2026-03-06,Melilla,PNV,0.5470,0
2026-03-06,Melilla,PP,29.7174,1
2026-03-06,Melilla,PSOE,27.2132,0
2026-03-06,Melilla,SALF,3.6419,0
2026-03-06,Melilla,SUMAR,8.8326,0
2026-03-06,Melilla,UPN,1.2568,0
2026-03-06,Melilla,VOX,16.2957,0
2026-03-06,Murcia,BILDU,1.0158,0
2026-03-06,Murcia,BNG,0.6652,0
2026-03-06,Murcia,CC,0.2812,0
2026-03-06,Murcia,ERC,1.1242,0
2026-03-06,Murcia,JUNTS,2.7058,0
2026-03-06,Murcia,OTROS,6.9851,0
2026-03-06,Murcia,PNV,1.8311,0
2026-03-06,Murcia,PP,29.0608,4
2026-03-06,Murcia,PSOE,27.3625,3
2026-03-06,Murcia,SALF,3.2160,0
2026-03-06,Murcia,SUMAR,7.5816,1
2026-03-06,Murcia,UPN,1.3541,0
2026-03-06,Murcia,VOX,16.8166,2
2026-03-06,Málaga,BILDU,2.1133,0
2026-03-06,Málaga,BNG,0.5478,0
2026-03-06,Málaga,CC,0.8923,0
2026-03-06,Málaga,ERC,1.5344,0
2026-03-06,Málaga,JUNTS,1.5108,0
2026-03-06,Málaga,OTROS,6.0303,0
2026-03-06,Málaga,PNV,0.5677,0
2026-03-06,Málaga,PP,30.5090,4
2026-03-06,Málaga,PSOE,27.5032,4
2026-03-06,Málaga,SALF,3.7253,0
2026-03-06,Málaga,SUMAR,8.8989,1
2026-03-06,Málaga,UPN,1.1853,0
2026-03-06,Málaga,VOX,14.9816,2
2026-03-06,Navarra,BILDU,1.5906,0
2026-03-06,Navarra,BNG,0.0455,0
2026-03-06,Navarra,CC,0.3775,0
2026-03-06,Navarra,ERC,1.0621,0
2026-03-06,Navarra,JUNTS,2.9303,0
2026-03-06,Navarra,OTROS,5.5004,0
2026-03-06,Navarra,PNV,2.1394,0
2026-03-06,Navarra,PP,30.2273,2
2026-03-06,Navarra,PSOE,28.3001,2
2026-03-06,Navarra,SALF,3.5081,0
2026-03-06,Navarra,SUMAR,8.2187,0
2026-03-06,Navarra,UPN,0.0000,0
2026-03-06,Navarra,VOX,16.1000,1
2026-03-06,Ourense,BILDU,0.7451,0
2026-03-06,Ourense,BNG,0.9722,0
2026-03-06,Ourense,CC,0.5503,0
2026-03-06,Ourense,ERC,1.5913,0
2026-03-06,Ourense,JUNTS,1.4410,0
2026-03-06,Ourense,OTROS,5.4239,0
2026-03-06,Ourense,PNV,2.1260,0
2026-03-06,Ourense,PP,30.4372,2
2026-03-06,Ourense,PSOE,27.9279,1
2026-03-06,Ourense,SALF,3.2336,0
2026-03-06,Ourense,SUMAR,8.5424,0
2026-03-06,Ourense,UPN,0.0000,0
2026-03-06,Ourense,VOX,17.0090,1
2026-03-06,Palencia,BILDU,0.2425,0
2026-03-06,Palencia,BNG,1.1581,0
2026-03-06,Palencia,CC,0.0000,0
2026-03-06,Palencia,ERC,2.7546,0
2026-03-06,Palencia,JUNTS,1.9785,0
2026-03-06,Palencia,OTROS,6.8143,0
2026-03-06,Palencia,PNV,1.5316,0
2026-03-06,Palencia,PP,30.4294,1
2026-03-06,Palencia,PSOE,27.3587,1
2026-03-06,Palencia,SALF,3.6965,0
2026-03-06,Palencia,SUMAR,7.4286,0
2026-03-06,Palencia,UPN,1.1739,0
2026-03-06,Palencia,VOX,15.4332,1
2026-03-06,Pontevedra,BILDU,0.6272,0
2026-03-06,Pontevedra,BNG,0.0560,0
2026-03-06,Pontevedra,CC,0.8363,0
2026-03-06,Pontevedra,ERC,2.1680,0
2026-03-06,Pontevedra,JUNTS,1.4789,0
2026-03-06,Pontevedra,OTROS,6.8230,0
2026-03-06,Pontevedra,PNV,1.8974,0
2026-03-06,Pontevedra,PP,30.9885,3
2026-03-06,Pontevedra,PSOE,26.9574,3
2026-03-06,Pontevedra,SALF,4.3787,0
2026-03-06,Pontevedra,SUMAR,8.3018,0
2026-03-06,Pontevedra,UPN,0.0785,0
2026-03-06,Pontevedra,VOX,15.4084,1
2026-03-06,Salamanca,BILDU,1.3121,0
2026-03-06,Salamanca,BNG,0.5769,0
2026-03-06,Salamanca,CC,1.3820,0
2026-03-06,Salamanca,ERC,2.4211,0
2026-03-06,Salamanca,JUNTS,2.6548,0
2026-03-06,Salamanca,OTROS,5.8396,0
2026-03-06,Salamanca,PNV,0.9838,0
2026-03-06,Salamanca,PP,28.8678,2
2026-03-06,Salamanca,PSOE,27.2717,1
2026-03-06,Salamanca,SALF,4.0269,0
2026-03-06,Salamanca,SUMAR,8.2148,0
2026-03-06,Salamanca,UPN,0.7475,0
2026-03-06,Salamanca,VOX,15.7011,1
2026-03-06,Santa Cruz de Tenerife,BILDU,1.9120,0
2026-03-06,Santa Cruz de Tenerife,BNG,0.8491,0
2026-03-06,Santa Cruz de Tenerife,CC,0.1829,0
2026-03-06,Santa Cruz de Tenerife,ERC,1.0241,0
2026-03-06,Santa Cruz de Tenerife,JUNTS,1.8593,0
2026-03-06,Santa Cruz de Tenerife,OTROS,6.6329,0
2026-03-06,Santa Cruz de Tenerife,PNV,1.8701,0
2026-03-06,Santa Cruz de Tenerife,PP,28.8404,3
2026-03-06,Santa Cruz de Tenerife,PSOE,26.5892,3
2026-03-06,Santa Cruz de Tenerife,SALF,4.8073,0
2026-03-06,Santa Cruz de Tenerife,SUMAR,8.4677,0
2026-03-06,Santa Cruz de Tenerife,UPN,0.6735,0
2026-03-06,Santa Cruz de Tenerife,VOX,16.2914,1
2026-03-06,Segovia,BILDU,1.2764,0
2026-03-06,Segovia,BNG,1.1320,0
2026-03-06,Segovia,CC,0.4851,0
2026-03-06,Segovia,ERC,1.6961,0
2026-03-06,Segovia,JUNTS,2.3872,0
2026-03-06,Segovia,OTROS,5.8729,0
2026-03-06,Segovia,PNV,2.3463,0
2026-03-06,Segovia,PP,29.5611,1
2026-03-06,Segovia,PSOE,25.4836,1
2026-03-06,Segovia,SALF,3.4616,0
2026-03-06,Segovia,SUMAR,8.6479,0
2026-03-06,Segovia,UPN,1.2901,0
2026-03-06,Segovia,VOX,16.3596,1
2026-03-06,Sevilla,BILDU,0.5260,0
2026-03-06,Sevilla,BNG,1.5710,0
2026-03-06,Sevilla,CC,0.1579,0
2026-03-06,Sevilla,ERC,1.7702,0
2026-03-06,Sevilla,JUNTS,1.4737,0
2026-03-06,Sevilla,OTROS,6.1428,0
2026-03-06,Sevilla,PNV,0.8877,0
2026-03-06,Sevilla,PP,30.8824,5
2026-03-06,Sevilla,PSOE,29.0049,4
2026-03-06,Sevilla,SALF,3.9376,0
2026-03-06,Sevilla,SUMAR,7.2829,1
2026-03-06,Sevilla,UPN,0.5111,0
2026-03-06,Sevilla,VOX,15.8519,2
2026-03-06,Soria,BILDU,1.1258,0
2026-03-06,Soria,BNG,0.6991,0
2026-03-06,Soria,CC,0.0000,0
2026-03-06,Soria,ERC,1.1099,0
2026-03-06,Soria,JUNTS,2.9164,0
2026-03-06,Soria,OTROS,6.9669,0
2026-03-06,Soria,PNV,0.5911,0
2026-03-06,Soria,PP,31.0011,1
2026-03-06,Soria,PSOE,28.4788,1
2026-03-06,Soria,SALF,3.7717,0
2026-03-06,Soria,SUMAR,7.3639,0
2026-03-06,Soria,UPN,0.0000,0
2026-03-06,Soria,VOX,15.9753,0
2026-03-06,Tarragona,BILDU,1.7280,0
2026-03-06,Tarragona,BNG,0.0000,0
2026-03-06,Tarragona,CC,0.7837,0
2026-03-06,Tarragona,ERC,7.2601,0
2026-03-06,Tarragona,JUNTS,4.7542,0
2026-03-06,Tarragona,OTROS,5.0597,0
2026-03-06,Tarragona,PNV,1.4655,0
2026-03-06,Tarragona,PP,26.8172,3
2026-03-06,Tarragona,PSOE,25.2048,2
2026-03-06,Tarragona,SALF,2.8363,0
2026-03-06,Tarragona,SUMAR,7.4285,0
2026-03-06,Tarragona,UPN,1.1415,0
2026-03-06,Tarragona,VOX,15.5206,1
2026-03-06,Teruel,BILDU,1.7845,0
2026-03-06,Teruel,BNG,0.5820,0
2026-03-06,Teruel,CC,0.0179,0
2026-03-06,Teruel,ERC,1.4492,0
2026-03-06,Teruel,JUNTS,2.8101,0
2026-03-06,Teruel,OTROS,6.4499,0
2026-03-06,Teruel,PNV,1.2658,0
2026-03-06,Teruel,PP,29.4919,1
2026-03-06,Teruel,PSOE,27.5018,1
2026-03-06,Teruel,SALF,4.6224,0
2026-03-06,Teruel,SUMAR,7.1960,0
2026-03-06,Teruel,UPN,0.2515,0
2026-03-06,Teruel,VOX,16.5768,1
2026-03-06,Toledo,BILDU,1.6885,0
2026-03-06,Toledo,BNG,1.3816,0
2026-03-06,Toledo,CC,1.0853,0
2026-03-06,Toledo,ERC,1.9258,0
2026-03-06,Toledo,JUNTS,1.8192,0
2026-03-06,Toledo,OTROS,6.4496,0
2026-03-06,Toledo,PNV,0.7487,0
2026-03-06,Toledo,PP,29.8469,3
2026-03-06,Toledo,PSOE,27.4226,2
2026-03-06,Toledo,SALF,3.9044,0
2026-03-06,Toledo,SUMAR,7.6104,0
2026-03-06,Toledo,UPN,1.1438,0
2026-03-06,Toledo,VOX,14.9732,1
2026-03-06,Valencia,BILDU,0.2291,0
2026-03-06,Valencia,BNG,1.0220,0
2026-03-06,Valencia,CC,0.8561,0
2026-03-06,Valencia,ERC,1.5746,0
2026-03-06,Valencia,JUNTS,1.3497,0
2026-03-06,Valencia,OTROS,6.0678,1
2026-03-06,Valencia,PNV,1.5228,0
2026-03-06,Valencia,PP,31.2735,6
2026-03-06,Valencia,PSOE,27.4592,5
2026-03-06,Valencia,SALF,4.2629,0
2026-03-06,Valencia,SUMAR,7.7404,1
2026-03-06,Valencia,UPN,0.6000,0
2026-03-06,Valencia,VOX,16.0420,3
2026-03-06,Valladolid,BILDU,1.4132,0
2026-03-06,Valladolid,BNG,0.1823,0
2026-03-06,Valladolid,CC,1.4459,0
2026-03-06,Valladolid,ERC,2.6169,0
2026-03-06,Valladolid,JUNTS,2.4417,0
2026-03-06,Valladolid,OTROS,5.4380,0
2026-03-06,Valladolid,PNV,1.8358,0
2026-03-06,Valladolid,PP,31.0389,2
2026-03-06,Valladolid,PSOE,26.7285,2
2026-03-06,Valladolid,SALF,3.4723,0
2026-03-06,Valladolid,SUMAR,7.4798,0
2026-03-06,Valladolid,UPN,0.6248,0
2026-03-06,Valladolid,VOX,15.2819,1
2026-03-06,Vizcaya,BILDU,5.7137,0
2026-03-06,Vizcaya,BNG,0.8045,0
2026-03-06,Vizcaya,CC,1.5752,0
2026-03-06,Vizcaya,ERC,2.2356,0
2026-03-06,Vizcaya,JUNTS,1.4454,0
2026-03-06,Vizcaya,OTROS,6.3290,0
2026-03-06,Vizcaya,PNV,6.8730,0
2026-03-06,Vizcaya,PP,26.5556,3
2026-03-06,Vizcaya,PSOE,23.6840,3
2026-03-06,Vizcaya,SALF,3.3540,0
2026-03-06,Vizcaya,SUMAR,7.5372,1
2026-03-06,Vizcaya,UPN,0.0000,0
2026-03-06,Vizcaya,VOX,13.8928,1
2026-03-06,Zamora,BILDU,0.2902,0
2026-03-06,Zamora,BNG,0.2074,0
2026-03-06,Zamora,CC,0.0000,0
2026-03-06,Zamora,ERC,2.0735,0
2026-03-06,Zamora,JUNTS,2.1946,0
2026-03-06,Zamora,OTROS,5.6383,0
2026-03-06,Zamora,PNV,1.5597,0
2026-03-06,Zamora,PP,31.0516,1
2026-03-06,Zamora,PSOE,27.4833,1
2026-03-06,Zamora,SALF,4.7837,0
2026-03-06,Zamora,SUMAR,8.7908,0
2026-03-06,Zamora,UPN,0.0000,0
2026-03-06,Zamora,VOX,15.9270,1
2026-03-06,Zaragoza,BILDU,1.1313,0
2026-03-06,Zaragoza,BNG,0.0176,0
2026-03-06,Zaragoza,CC,1.1524,0
2026-03-06,Zaragoza,ERC,2.3644,0
2026-03-06,Zaragoza,JUNTS,1.7166,0
2026-03-06,Zaragoza,OTROS,5.5134,0
2026-03-06,Zaragoza,PNV,2.2419,0
2026-03-06,Zaragoza,PP,30.0018,3
2026-03-06,Zaragoza,PSOE,27.3866,3
2026-03-06,Zaragoza,SALF,3.3271,0
2026-03-06,Zaragoza,SUMAR,8.6200,0
2026-03-06,Zaragoza,UPN,1.1400,0
2026-03-06,Zaragoza,VOX,15.3869,1
2026-03-06,Álava,BILDU,5.5004,0
2026-03-06,Álava,BNG,0.9961,0
2026-03-06,Álava,CC,0.1927,0
2026-03-06,Álava,ERC,2.3360,0
2026-03-06,Álava,JUNTS,1.7725,0
2026-03-06,Álava,OTROS,5.2774,0
2026-03-06,Álava,PNV,7.5149,0
2026-03-06,Álava,PP,27.2009,2
2026-03-06,Álava,PSOE,23.3323,1
2026-03-06,Álava,SALF,3.6870,0
2026-03-06,Álava,SUMAR,7.7604,0
2026-03-06,Álava,UPN,0.1398,0
2026-03-06,Álava,VOX,14.2896,1
2026-03-06,Ávila,BILDU,1.9031,0
2026-03-06,Ávila,BNG,1.2717,0
2026-03-06,Ávila,CC,0.0266,0
2026-03-06,Ávila,ERC,2.5750,0
2026-03-06,Ávila,JUNTS,2.1912,0
2026-03-06,Ávila,OTROS,6.2714,0
2026-03-06,Ávila,PNV,2.2696,0
2026-03-06,Ávila,PP,28.3710,1
2026-03-06,Ávila,PSOE,26.7089,1
2026-03-06,Ávila,SALF,3.8488,0
2026-03-06,Ávila,SUMAR,8.6797,0
2026-03-06,Ávila,UPN,0.1639,0
2026-03-06,Ávila,VOX,15.7192,1
2026-03-05,Albacete,BILDU,1.3792,0
2026-03-05,Albacete,BNG,1.0582,0
2026-03-05,Albacete,CC,1.5123,0
2026-03-05,Albacete,ERC,2.6270,0
2026-03-05,Albacete,JUNTS,2.6686,0
2026-03-05,Albacete,OTROS,5.6120,0
2026-03-05,Albacete,PNV,1.0665,0
2026-03-05,Albacete,PP,30.1906,2
2026-03-05,Albacete,PSOE,25.9233,1
2026-03-05,Albacete,SALF,3.3667,0
2026-03-05,Albacete,SUMAR,8.1078,0
2026-03-05,Albacete,UPN,1.0848,0
2026-03-05,Albacete,VOX,15.4031,1
2026-03-05,Alicante,BILDU,0.4280,0
2026-03-05,Alicante,BNG,1.6439,0
2026-03-05,Alicante,CC,0.0000,0
2026-03-05,Alicante,ERC,2.8965,0
2026-03-05,Alicante,JUNTS,2.2345,0
2026-03-05,Alicante,OTROS,6.1423,1
2026-03-05,Alicante,PNV,0.7685,0
2026-03-05,Alicante,PP,30.2570,4
2026-03-05,Alicante,PSOE,26.9703,4
2026-03-05,Alicante,SALF,3.8416,0
2026-03-05,Alicante,SUMAR,8.1932,1
2026-03-05,Alicante,UPN,1.2321,0
2026-03-05,Alicante,VOX,15.3920,2
2026-03-05,Almería,BILDU,1.0246,0
2026-03-05,Almería,BNG,0.0000,0
2026-03-05,Almería,CC,1.4401,0
2026-03-05,Almería,ERC,1.8244,0
2026-03-05,Almería,JUNTS,2.0102,0
2026-03-05,Almería,OTROS,7.2677,0
2026-03-05,Almería,PNV,0.6561,0
2026-03-05,Almería,PP,29.9396,3
2026-03-05,Almería,PSOE,27.9647,2
2026-03-05,Almería,SALF,3.7514,0
2026-03-05,Almería,SUMAR,7.8655,0
2026-03-05,Almería,UPN,0.7242,0
2026-03-05,Almería,VOX,15.5314,1
2026-03-05,Asturias,BILDU,1.3866,0
2026-03-05,Asturias,BNG,0.7940,0
2026-03-05,Asturias,CC,1.0780,0
2026-03-05,Asturias,ERC,1.5938,0
2026-03-05,Asturias,JUNTS,1.1981,0
2026-03-05,Asturias,OTROS,5.5788,0
2026-03-05,Asturias,PNV,2.0665,0
2026-03-05,Asturias,PP,30.0222,3
2026-03-05,Asturias,PSOE,27.0511,3
2026-03-05,Asturias,SALF,3.7987,0
2026-03-05,Asturias,SUMAR,8.3750,0
2026-03-05,Asturias,UPN,0.0000,0
2026-03-05,Asturias,VOX,17.0572,1
2026-03-05,Badajoz,BILDU,0.4843,0
2026-03-05,Badajoz,BNG,1.1270,0
2026-03-05,Badajoz,CC,0.8529,0
2026-03-05,Badajoz,ERC,1.9931,0
2026-03-05,Badajoz,JUNTS,2.0605,0
2026-03-05,Badajoz,OTROS,6.3831,0
2026-03-05,Badajoz,PNV,1.4369,0
2026-03-05,Badajoz,PP,29.9395,3
2026-03-05,Badajoz,PSOE,26.2783,2
2026-03-05,Badajoz,SALF,3.6417,0
2026-03-05,Badajoz,SUMAR,8.9172,0
2026-03-05,Badajoz,UPN,0.0000,0
2026-03-05,Badajoz,VOX,16.8855,1
2026-03-05,Baleares,BILDU,2.0510,0
2026-03-05,Baleares,BNG,0.2512,0
2026-03-05,Baleares,CC,0.0000,0
2026-03-05,Baleares,ERC,1.2689,0
2026-03-05,Baleares,JUNTS,2.0812,0
2026-03-05,Baleares,OTROS,6.5218,0
2026-03-05,Baleares,PNV,1.5105,0
2026-03-05,Baleares,PP,30.5903,3
2026-03-05,Baleares,PSOE,27.0966,3
2026-03-05,Baleares,SALF,3.1961,0
2026-03-05,Baleares,SUMAR,7.4647,0
2026-03-05,Baleares,UPN,0.5165,0
2026-03-05,Baleares,VOX,17.4512,2
2026-03-05,Barcelona,BILDU,1.8836,0
2026-03-05,Barcelona,BNG,1.0485,0
2026-03-05,Barcelona,CC,1.3894,0
2026-03-05,Barcelona,ERC,5.6988,2
2026-03-05,Barcelona,JUNTS,5.7618,2
2026-03-05,Barcelona,OTROS,6.1737,2
2026-03-05,Barcelona,PNV,0.8241,0
2026-03-05,Barcelona,PP,26.3707,9
2026-03-05,Barcelona,PSOE,24.1467,9
2026-03-05,Barcelona,SALF,4.0984,1
2026-03-05,Barcelona,SUMAR,6.9692,2
2026-03-05,Barcelona,UPN,0.2591,0
2026-03-05,Barcelona,VOX,15.3759,5
2026-03-05,Burgos,BILDU,0.3814,0
2026-03-05,Burgos,BNG,0.6710,0
2026-03-05,Burgos,CC,0.5169,0
2026-03-05,Burgos,ERC,2.0138,0
2026-03-05,Burgos,JUNTS,2.9891,0
2026-03-05,Burgos,OTROS,5.6965,0
2026-03-05,Burgos,PNV,1.6480,0
2026-03-05,Burgos,PP,29.9306,2
2026-03-05,Burgos,PSOE,27.5489,1
2026-03-05,Burgos,SALF,4.6407,0
2026-03-05,Burgos,SUMAR,7.6316,0
2026-03-05,Burgos,UPN,0.4169,0
2026-03-05,Burgos,VOX,15.9145,1
2026-03-05,Cantabria,BILDU,1.9493,0
2026-03-05,Cantabria,BNG,0.0000,0
2026-03-05,Cantabria,CC,0.9108,0
2026-03-05,Cantabria,ERC,2.7540,0
2026-03-05,Cantabria,JUNTS,2.8520,0
2026-03-05,Cantabria,OTROS,6.3613,0
2026-03-05,Cantabria,PNV,1.5367,0
2026-03-05,Cantabria,PP,28.7653,2
2026-03-05,Cantabria,PSOE,26.3401,2
2026-03-05,Cantabria,SALF,4.5326,0
2026-03-05,Cantabria,SUMAR,8.4343,0
2026-03-05,Cantabria,UPN,0.3959,0
2026-03-05,Cantabria,VOX,15.1676,1
2026-03-05,Castellón,BILDU,1.3877,0
2026-03-05,Castellón,BNG,1.0232,0
2026-03-05,Castellón,CC,0.9444,0
2026-03-05,Castellón,ERC,1.5609,0
2026-03-05,Castellón,JUNTS,1.7608,0
2026-03-05,Castellón,OTROS,6.2560,0
2026-03-05,Castellón,PNV,2.4014,0
2026-03-05,Castellón,PP,28.6241,2
2026-03-05,Castellón,PSOE,26.1540,2
2026-03-05,Castellón,SALF,4.7802,0
2026-03-05,Castellón,SUMAR,8.4385,0
2026-03-05,Castellón,UPN,0.6557,0
2026-03-05,Castellón,VOX,16.0129,1
2026-03-05,Ceuta,BILDU,1.9941,0
2026-03-05,Ceuta,BNG,1.1104,0
2026-03-05,Ceuta,CC,0.0446,0
2026-03-05,Ceuta,ERC,1.5519,0
2026-03-05,Ceuta,JUNTS,2.8161,0
2026-03-05,Ceuta,OTROS,6.8012,0
2026-03-05,Ceuta,PNV,1.5153,0
2026-03-05,Ceuta,PP,30.5833,1
2026-03-05,Ceuta,PSOE,26.0913,0
2026-03-05,Ceuta,SALF,3.4784,0
2026-03-05,Ceuta,SUMAR,7.5145,0
2026-03-05,Ceuta,UPN,0.5235,0
2026-03-05,Ceuta,VOX,15.9753,0
2026-03-05,Ciudad Real,BILDU,0.9937,0
2026-03-05,Ciudad Real,BNG,0.3420,0
2026-03-05,Ciudad Real,CC,0.4937,0
2026-03-05,Ciudad Real,ERC,1.8443,0
2026-03-05,Ciudad Real,JUNTS,1.5707,0
2026-03-05,Ciudad Real,OTROS,7.2560,0
2026-03-05,Ciudad Real,PNV,0.9977,0
2026-03-05,Ciudad Real,PP,30.9625,2
2026-03-05,Ciudad Real,PSOE,26.0880,2
2026-03-05,Ciudad Real,SALF,3.7365,0
2026-03-05,Ciudad Real,SUMAR,8.9092,0
2026-03-05,Ciudad Real,UPN,0.6532,0
2026-03-05,Ciudad Real,VOX,16.1525,1
2026-03-05,Cuenca,BILDU,1.0675,0
2026-03-05,Cuenca,BNG,0.2260,0
2026-03-05,Cuenca,CC,0.2560,0
2026-03-05,Cuenca,ERC,1.1830,0
2026-03-05,Cuenca,JUNTS,1.4357,0
2026-03-05,Cuenca,OTROS,5.6029,0
2026-03-05,Cuenca,PNV,2.1089,0
2026-03-05,Cuenca,PP,31.7874,1
2026-03-05,Cuenca,PSOE,26.9845,1
2026-03-05,Cuenca,SALF,3.1954,0
2026-03-05,Cuenca,SUMAR,7.8976,0
2026-03-05,Cuenca,UPN,1.1189,0
2026-03-05,Cuenca,VOX,17.1363,1
2026-03-05,Cáceres,BILDU,1.3875,0
2026-03-05,Cáceres,BNG,0.2020,0
2026-03-05,Cáceres,CC,1.6010,0
2026-03-05,Cáceres,ERC,2.5542,0
2026-03-05,Cáceres,JUNTS,1.5930,0
2026-03-05,Cáceres,OTROS,5.8361,0
2026-03-05,Cáceres,PNV,2.2131,0
2026-03-05,Cáceres,PP,29.7419,2
2026-03-05,Cáceres,PSOE,26.6836,1
2026-03-05,Cáceres,SALF,4.2227,0
2026-03-05,Cáceres,SUMAR,7.2083,0
2026-03-05,Cáceres,UPN,0.5417,0
2026-03-05,Cáceres,VOX,16.2149,1
2026-03-05,Cádiz,BILDU,0.3190,0
2026-03-05,Cádiz,BNG,1.4636,0
2026-03-05,Cádiz,CC,1.5364,0
2026-03-05,Cádiz,ERC,1.2259,0
2026-03-05,Cádiz,JUNTS,2.2452,0
2026-03-05,Cádiz,OTROS,6.7143,0
2026-03-05,Cádiz,PNV,0.8307,0
2026-03-05,Cádiz,PP,29.6643,3
2026-03-05,Cádiz,PSOE,27.5566,3
2026-03-05,Cádiz,SALF,3.7510,0
2026-03-05,Cádiz,SUMAR,8.7094,1
2026-03-05,Cádiz,UPN,0.0000,0
2026-03-05,Cádiz,VOX,15.9835,2
2026-03-05,Córdoba,BILDU,1.2186,0
2026-03-05,Córdoba,BNG,0.2256,0
2026-03-05,Córdoba,CC,0.5002,0
2026-03-05,Córdoba,ERC,2.8140,0
2026-03-05,Córdoba,JUNTS,1.7712,0
2026-03-05,Córdoba,OTROS,5.8684,0
2026-03-05,Córdoba,PNV,1.8171,0
2026-03-05,Córdoba,PP,30.5835,3
2026-03-05,Córdoba,PSOE,26.6088,2
2026-03-05,Córdoba,SALF,3.2796,0
2026-03-05,Córdoba,SUMAR,8.4816,0
2026-03-05,Córdoba,UPN,1.4226,0
2026-03-05,Córdoba,VOX,15.4088,1
2026-03-05,Girona,BILDU,0.3292,0
2026-03-05,Girona,BNG,0.5542,0
2026-03-05,Girona,CC,0.0097,0
2026-03-05,Girona,ERC,7.3308,0
2026-03-05,Girona,JUNTS,5.3106,0
2026-03-05,Girona,OTROS,5.6023,0
2026-03-05,Girona,PNV,1.6438,0
2026-03-05,Girona,PP,26.1571,3
2026-03-05,Girona,PSOE,25.8680,2
2026-03-05,Girona,SALF,4.7566,0
2026-03-05,Girona,SUMAR,7.6729,0
2026-03-05,Girona,UPN,0.0000,0
2026-03-05,Girona,VOX,14.7649,1
2026-03-05,Granada,BILDU,1.4570,0
2026-03-05,Granada,BNG,0.0000,0
2026-03-05,Granada,CC,1.2971,0
2026-03-05,Granada,ERC,1.2595,0
2026-03-05,Granada,JUNTS,1.0652,0
2026-03-05,Granada,OTROS,5.5286,0
2026-03-05,Granada,PNV,2.0949,0
2026-03-05,Granada,PP,30.1334,3
2026-03-05,Granada,PSOE,27.5484,3
2026-03-05,Granada,SALF,3.6451,0
2026-03-05,Granada,SUMAR,8.6947,0
2026-03-05,Granada,UPN,1.0800,0
2026-03-05,Granada,VOX,16.1962,1
2026-03-05,Guadalajara,BILDU,0.5914,0
2026-03-05,Guadalajara,BNG,0.1701,0
2026-03-05,Guadalajara,CC,1.3613,0
2026-03-05,Guadalajara,ERC,2.3886,0
2026-03-05,Guadalajara,JUNTS,2.4945,0
2026-03-05,Guadalajara,OTROS,5.8882,0
2026-03-05,Guadalajara,PNV,0.6469,0
2026-03-05,Guadalajara,PP,29.6639,1
2026-03-05,Guadalajara,PSOE,27.1339,1
2026-03-05,Guadalajara,SALF,4.4715,0
2026-03-05,Guadalajara,SUMAR,8.5696,0
2026-03-05,Guadalajara,UPN,0.0000,0
2026-03-05,Guadalajara,VOX,16.6202,1
2026-03-05,Guipúzcoa,BILDU,5.1338,0
2026-03-05,Guipúzcoa,BNG,0.1478,0
2026-03-05,Guipúzcoa,CC,1.0281,0
2026-03-05,Guipúzcoa,ERC,1.3458,0
2026-03-05,Guipúzcoa,JUNTS,1.5646,0
2026-03-05,Guipúzcoa,OTROS,5.1918,0
2026-03-05,Guipúzcoa,PNV,6.8545,0
2026-03-05,Guipúzcoa,PP,26.8798,3
2026-03-05,Guipúzcoa,PSOE,24.6430,2
2026-03-05,Guipúzcoa,SALF,4.2414,0
2026-03-05,Guipúzcoa,SUMAR,6.7026,0
2026-03-05,Guipúzcoa,UPN,1.2004,0
2026-03-05,Guipúzcoa,VOX,15.0663,1
2026-03-05,Huelva,BILDU,1.6227,0
2026-03-05,Huelva,BNG,1.0175,0
2026-03-05,Huelva,CC,0.5064,0
2026-03-05,Huelva,ERC,1.8045,0
2026-03-05,Huelva,JUNTS,2.1717,0
2026-03-05,Huelva,OTROS,5.8586,0
2026-03-05,Huelva,PNV,1.3989,0
2026-03-05,Huelva,PP,30.1774,2
2026-03-05,Huelva,PSOE,27.0413,2
2026-03-05,Huelva,SALF,4.0370,0
2026-03-05,Huelva,SUMAR,7.9586,0
2026-03-05,Huelva,UPN,0.0000,0
2026-03-05,Huelva,VOX,16.4052,1
2026-03-05,Huesca,BILDU,0.7905,0
2026-03-05,Huesca,BNG,0.9565,0
2026-03-05,Huesca,CC,1.2543,0
2026-03-05,Huesca,ERC,2.9227,0
2026-03-05,Huesca,JUNTS,2.7285,0
2026-03-05,Huesca,OTROS,6.1831,0
2026-03-05,Huesca,PNV,0.8830,0
2026-03-05,Huesca,PP,29.5065,1
2026-03-05,Huesca,PSOE,27.2278,1
2026-03-05,Huesca,SALF,3.5414,0
2026-03-05,Huesca,SUMAR,7.3122,0
2026-03-05,Huesca,UPN,1.4266,0
2026-03-05,Huesca,VOX,15.2670,1
2026-03-05,Jaén,BILDU,0.7462,0
2026-03-05,Jaén,BNG,1.6094,0
2026-03-05,Jaén,CC,0.0000,0
2026-03-05,Jaén,ERC,1.4213,0
2026-03-05,Jaén,JUNTS,2.3569,0
2026-03-05,Jaén,OTROS,6.5471,0
2026-03-05,Jaén,PNV,2.4498,0
2026-03-05,Jaén,PP,29.4851,2
2026-03-05,Jaén,PSOE,27.0107,2
2026-03-05,Jaén,SALF,3.8486,0
2026-03-05,Jaén,SUMAR,8.1293,0
2026-03-05,Jaén,UPN,0.3400,0
2026-03-05,Jaén,VOX,16.0557,1
2026-03-05,La Coruña,BILDU,1.8312,0
2026-03-05,La Coruña,BNG,1.3339,0
2026-03-05,La Coruña,CC,0.2968,0
2026-03-05,La Coruña,ERC,1.2709,0
2026-03-05,La Coruña,JUNTS,1.1054,0
2026-03-05,La Coruña,OTROS,7.1530,0
2026-03-05,La Coruña,PNV,0.7409,0
2026-03-05,La Coruña,PP,30.7397,3
2026-03-05,La Coruña,PSOE,26.8735,3
2026-03-05,La Coruña,SALF,4.1536,0
2026-03-05,La Coruña,SUMAR,7.3455,0
2026-03-05,La Coruña,UPN,0.3238,0
2026-03-05,La Coruña,VOX,16.8317,2
2026-03-05,La Rioja,BILDU,2.0133,0
2026-03-05,La Rioja,BNG,0.6240,0
2026-03-05,La Rioja,CC,1.1039,0
2026-03-05,La Rioja,ERC,1.5573,0
2026-03-05,La Rioja,JUNTS,2.4908,0
2026-03-05,La Rioja,OTROS,5.4110,0
2026-03-05,La Rioja,PNV,0.8797,0
2026-03-05,La Rioja,PP,29.0372,2
2026-03-05,La Rioja,PSOE,27.7911,1
2026-03-05,La Rioja,SALF,3.8609,0
2026-03-05,La Rioja,SUMAR,7.8577,0
2026-03-05,La Rioja,UPN,0.7370,0
2026-03-05,La Rioja,VOX,16.6362,1
2026-03-05,Las Palmas,BILDU,1.2176,0
2026-03-05,Las Palmas,BNG,1.3091,0
2026-03-05,Las Palmas,CC,1.6030,0
2026-03-05,Las Palmas,ERC,2.5098,0
2026-03-05,Las Palmas,JUNTS,2.1473,0
2026-03-05,Las Palmas,OTROS,6.6756,0
2026-03-05,Las Palmas,PNV,1.0208,0
2026-03-05,Las Palmas,PP,29.6666,3
2026-03-05,Las Palmas,PSOE,25.9867,3
2026-03-05,Las Palmas,SALF,4.5946,0
2026-03-05,Las Palmas,SUMAR,7.8048,1
2026-03-05,Las Palmas,UPN,0.0000,0
2026-03-05,Las Palmas,VOX,15.4641,1
2026-03-05,León,BILDU,0.9273,0
2026-03-05,León,BNG,1.6865,0
2026-03-05,León,CC,0.7645,0
2026-03-05,León,ERC,1.5762,0
2026-03-05,León,JUNTS,1.6615,0
2026-03-05,León,OTROS,5.8970,0
2026-03-05,León,PNV,0.6130,0
2026-03-05,León,PP,29.7390,2
2026-03-05,León,PSOE,28.2926,1
2026-03-05,León,SALF,4.6487,0
2026-03-05,León,SUMAR,7.3275,0
2026-03-05,León,UPN,0.0013,0
2026-03-05,León,VOX,16.8649,1
2026-03-05,Lleida,BILDU,0.5269,0
2026-03-05,Lleida,BNG,0.2335,0
2026-03-05,Lleida,CC,0.4668,0
2026-03-05,Lleida,ERC,7.0984,0
2026-03-05,Lleida,JUNTS,5.9117,0
2026-03-05,Lleida,OTROS,6.1664,0
2026-03-05,Lleida,PNV,1.2135,0
2026-03-05,Lleida,PP,26.5017,2
2026-03-05,Lleida,PSOE,26.0396,1
2026-03-05,Lleida,SALF,3.7397,0
2026-03-05,Lleida,SUMAR,7.3450,0
2026-03-05,Lleida,UPN,0.0000,0
2026-03-05,Lleida,VOX,14.7568,1
2026-03-05,Lugo,BILDU,0.9675,0
2026-03-05,Lugo,BNG,0.4140,0
2026-03-05,Lugo,CC,0.9130,0
2026-03-05,Lugo,ERC,1.9804,0
2026-03-05,Lugo,JUNTS,2.5191,0
2026-03-05,Lugo,OTROS,5.6384,0
2026-03-05,Lugo,PNV,1.5167,0
2026-03-05,Lugo,PP,28.7884,2
2026-03-05,Lugo,PSOE,26.3164,1
2026-03-05,Lugo,SALF,4.2225,0
2026-03-05,Lugo,SUMAR,8.7009,0
2026-03-05,Lugo,UPN,1.4597,0
2026-03-05,Lugo,VOX,16.5629,1
2026-03-05,Madrid,BILDU,0.6537,0
2026-03-05,Madrid,BNG,0.0000,0
2026-03-05,Madrid,CC,0.0000,0
2026-03-05,Madrid,ERC,1.3556,0
2026-03-05,Madrid,JUNTS,2.5915,1
2026-03-05,Madrid,OTROS,6.1785,2
2026-03-05,Madrid,PNV,1.4793,0
2026-03-05,Madrid,PP,31.7227,13
2026-03-05,Madrid,PSOE,26.3016,10
2026-03-05,Madrid,SALF,4.3027,1
2026-03-05,Madrid,SUMAR,7.3272,3
2026-03-05,Madrid,UPN,0.3990,0
2026-03-05,Madrid,VOX,17.6882,7
2026-03-05,Melilla,BILDU,1.0738,0
2026-03-05,Melilla,BNG,0.5096,0
2026-03-05,Melilla,CC,0.9681,0
2026-03-05,Melilla,ERC,1.5297,0
2026-03-05,Melilla,JUNTS,2.3742,0
2026-03-05,Melilla,OTROS,6.7705,0
2026-03-05,Melilla,PNV,1.1006,0
2026-03-05,Melilla,PP,29.5165,1
2026-03-05,Melilla,PSOE,27.3715,0
2026-03-05,Melilla,SALF,4.3531,0
2026-03-05,Melilla,SUMAR,8.5016,0
2026-03-05,Melilla,UPN,0.2619,0
2026-03-05,Melilla,VOX,15.6688,0
2026-03-05,Murcia,BILDU,0.4970,0
2026-03-05,Murcia,BNG,0.0000,0
2026-03-05,Murcia,CC,0.9478,0
2026-03-05,Murcia,ERC,1.8880,0
2026-03-05,Murcia,JUNTS,2.9329,0
2026-03-05,Murcia,OTROS,6.5450,0
2026-03-05,Murcia,PNV,0.9040,0
2026-03-05,Murcia,PP,29.6836,4
2026-03-05,Murcia,PSOE,27.4598,3
2026-03-05,Murcia,SALF,3.6069,0
2026-03-05,Murcia,SUMAR,7.7055,1
2026-03-05,Murcia,UPN,1.1311,0
2026-03-05,Murcia,VOX,16.6984,2
2026-03-05,Málaga,BILDU,1.9240,0
2026-03-05,Málaga,BNG,0.0000,0
2026-03-05,Málaga,CC,0.6386,0
2026-03-05,Málaga,ERC,2.7705,0
2026-03-05,Málaga,JUNTS,2.4559,0
2026-03-05,Málaga,OTROS,5.4318,0
2026-03-05,Málaga,PNV,0.7017,0
2026-03-05,Málaga,PP,30.6367,4
2026-03-05,Málaga,PSOE,27.5097,4
2026-03-05,Málaga,SALF,4.6118,0
2026-03-05,Málaga,SUMAR,7.8403,1
2026-03-05,Málaga,UPN,0.3324,0
2026-03-05,Málaga,VOX,15.1465,2
2026-03-05,Navarra,BILDU,1.6691,0
2026-03-05,Navarra,BNG,0.9898,0
2026-03-05,Navarra,CC,1.3968,0
2026-03-05,Navarra,ERC,2.5198,0
2026-03-05,Navarra,JUNTS,2.1789,0
2026-03-05,Navarra,OTROS,6.6407,0
2026-03-05,Navarra,PNV,0.7911,0
2026-03-05,Navarra,PP,28.9205,2
2026-03-05,Navarra,PSOE,26.1533,2
2026-03-05,Navarra,SALF,3.2526,0
2026-03-05,Navarra,SUMAR,8.8338,0
2026-03-05,Navarra,UPN,0.3300,0
2026-03-05,Navarra,VOX,16.3237,1
2026-03-05,Ourense,BILDU,2.0589,0
2026-03-05,Ourense,BNG,0.8508,0
2026-03-05,Ourense,CC,0.8553,0
2026-03-05,Ourense,ERC,1.0679,0
2026-03-05,Ourense,JUNTS,2.4698,0
2026-03-05,Ourense,OTROS,5.5054,0
2026-03-05,Ourense,PNV,2.0851,0
2026-03-05,Ourense,PP,30.4372,2
2026-03-05,Ourense,PSOE,26.7049,1
2026-03-05,Ourense,SALF,3.9332,0
2026-03-05,Ourense,SUMAR,8.4535,0
2026-03-05,Ourense,UPN,0.0000,0
2026-03-05,Ourense,VOX,15.5780,1
2026-03-05,Palencia,BILDU,1.0482,0
2026-03-05,Palencia,BNG,1.3642,0
2026-03-05,Palencia,CC,0.3092,0
2026-03-05,Palencia,ERC,2.7861,0
2026-03-05,Palencia,JUNTS,2.0854,0
2026-03-05,Palencia,OTROS,6.9787,0
2026-03-05,Palencia,PNV,1.6135,0
2026-03-05,Palencia,PP,29.9921,1
2026-03-05,Palencia,PSOE,26.0194,1
2026-03-05,Palencia,SALF,3.4270,0
2026-03-05,Palencia,SUMAR,7.9716,0
2026-03-05,Palencia,UPN,0.0000,0
2026-03-05,Palencia,VOX,16.4047,1
2026-03-05,Pontevedra,BILDU,0.2866,0
2026-03-05,Pontevedra,BNG,0.9852,0
2026-03-05,Pontevedra,CC,0.2052,0
2026-03-05,Pontevedra,ERC,2.9436,0
2026-03-05,Pontevedra,JUNTS,1.3082,0
2026-03-05,Pontevedra,OTROS,6.3380,0
2026-03-05,Pontevedra,PNV,1.7256,0
2026-03-05,Pontevedra,PP,30.1795,3
2026-03-05,Pontevedra,PSOE,27.3805,3
2026-03-05,Pontevedra,SALF,3.9576,0
2026-03-05,Pontevedra,SUMAR,8.2862,0
2026-03-05,Pontevedra,UPN,0.0172,0
2026-03-05,Pontevedra,VOX,16.3866,1
2026-03-05,Salamanca,BILDU,1.4278,0
2026-03-05,Salamanca,BNG,0.9957,0
2026-03-05,Salamanca,CC,0.6905,0
2026-03-05,Salamanca,ERC,1.3735,0
2026-03-05,Salamanca,JUNTS,2.1479,0
2026-03-05,Salamanca,OTROS,6.7965,0
2026-03-05,Salamanca,PNV,1.1780,0
2026-03-05,Salamanca,PP,30.0987,2
2026-03-05,Salamanca,PSOE,26.6638,1
2026-03-05,Salamanca,SALF,3.7714,0
2026-03-05,Salamanca,SUMAR,8.3862,0
2026-03-05,Salamanca,UPN,0.0000,0
2026-03-05,Salamanca,VOX,16.4701,1
2026-03-05,Santa Cruz de Tenerife,BILDU,0.8913,0
2026-03-05,Santa Cruz de Tenerife,BNG,1.5274,0
2026-03-05,Santa Cruz de Tenerife,CC,0.9953,0
2026-03-05,Santa Cruz de Tenerife,ERC,2.4567,0
2026-03-05,Santa Cruz de Tenerife,JUNTS,1.4729,0
2026-03-05,Santa Cruz de Tenerife,OTROS,6.8986,0
2026-03-05,Santa Cruz de Tenerife,PNV,0.5803,0
2026-03-05,Santa Cruz de Tenerife,PP,30.1965,3
2026-03-05,Santa Cruz de Tenerife,PSOE,27.4937,3
2026-03-05,Santa Cruz de Tenerife,SALF,4.4275,0
2026-03-05,Santa Cruz de Tenerife,SUMAR,7.3102,0
2026-03-05,Santa Cruz de Tenerife,UPN,0.6130,0
2026-03-05,Santa Cruz de Tenerife,VOX,15.1366,1
2026-03-05,Segovia,BILDU,1.0476,0
2026-03-05,Segovia,BNG,0.8530,0
2026-03-05,Segovia,CC,0.7971,0
2026-03-05,Segovia,ERC,1.7862,0
2026-03-05,Segovia,JUNTS,0.9861,0
2026-03-05,Segovia,OTROS,6.3897,0
2026-03-05,Segovia,PNV,1.2972,0
2026-03-05,Segovia,PP,29.8552,1
2026-03-05,Segovia,PSOE,26.9559,1
2026-03-05,Segovia,SALF,4.7374,0
2026-03-05,Segovia,SUMAR,8.2170,0
2026-03-05,Segovia,UPN,0.9208,0
2026-03-05,Segovia,VOX,16.1567,1
2026-03-05,Sevilla,BILDU,1.4377,0
2026-03-05,Sevilla,BNG,0.2052,0
2026-03-05,Sevilla,CC,1.0020,0
2026-03-05,Sevilla,ERC,2.4525,0
2026-03-05,Sevilla,JUNTS,2.7789,0
2026-03-05,Sevilla,OTROS,6.0535,1
2026-03-05,Sevilla,PNV,1.9464,0
2026-03-05,Sevilla,PP,29.4563,4
2026-03-05,Sevilla,PSOE,26.7744,4
2026-03-05,Sevilla,SALF,4.3740,0
2026-03-05,Sevilla,SUMAR,8.2892,1
2026-03-05,Sevilla,UPN,0.1052,0
2026-03-05,Sevilla,VOX,15.1247,2
2026-03-05,Soria,BILDU,0.5161,0
2026-03-05,Soria,BNG,1.5331,0
2026-03-05,Soria,CC,0.8066,0
2026-03-05,Soria,ERC,0.9940,0
2026-03-05,Soria,JUNTS,2.7054,0
2026-03-05,Soria,OTROS,6.3027,0
2026-03-05,Soria,PNV,1.0764,0
2026-03-05,Soria,PP,29.2272,1
2026-03-05,Soria,PSOE,26.9607,1
2026-03-05,Soria,SALF,4.8209,0
2026-03-05,Soria,SUMAR,7.8431,0
2026-03-05,Soria,UPN,0.8267,0
2026-03-05,Soria,VOX,16.3872,0
2026-03-05,Tarragona,BILDU,0.8866,0
2026-03-05,Tarragona,BNG,0.1166,0
2026-03-05,Tarragona,CC,0.2343,0
2026-03-05,Tarragona,ERC,7.1107,0
2026-03-05,Tarragona,JUNTS,5.5361,0
2026-03-05,Tarragona,OTROS,5.7189,0
2026-03-05,Tarragona,PNV,0.5716,0
2026-03-05,Tarragona,PP,26.0024,3
2026-03-05,Tarragona,PSOE,25.9335,2
2026-03-05,Tarragona,SALF,4.3943,0
2026-03-05,Tarragona,SUMAR,6.8986,0
2026-03-05,Tarragona,UPN,0.6459,0
2026-03-05,Tarragona,VOX,15.9505,1
2026-03-05,Teruel,BILDU,0.4752,0
2026-03-05,Teruel,BNG,0.5355,0
2026-03-05,Teruel,CC,0.9994,0
2026-03-05,Teruel,ERC,2.8888,0
2026-03-05,Teruel,JUNTS,2.2643,0
2026-03-05,Teruel,OTROS,5.6824,0
2026-03-05,Teruel,PNV,1.1883,0
2026-03-05,Teruel,PP,30.6097,1
2026-03-05,Teruel,PSOE,27.1590,1
2026-03-05,Teruel,SALF,3.5417,0
2026-03-05,Teruel,SUMAR,8.2347,0
2026-03-05,Teruel,UPN,0.4719,0
2026-03-05,Teruel,VOX,15.9491,1
2026-03-05,Toledo,BILDU,0.8713,0
2026-03-05,Toledo,BNG,0.7073,0
2026-03-05,Toledo,CC,1.1029,0
2026-03-05,Toledo,ERC,2.0179,0
2026-03-05,Toledo,JUNTS,1.3946,0
2026-03-05,Toledo,OTROS,5.6869,0
2026-03-05,Toledo,PNV,1.8460,0
2026-03-05,Toledo,PP,29.5229,3
2026-03-05,Toledo,PSOE,27.2200,2
2026-03-05,Toledo,SALF,4.3455,0
2026-03-05,Toledo,SUMAR,7.5632,0
2026-03-05,Toledo,UPN,0.9339,0
2026-03-05,Toledo,VOX,16.7877,1
2026-03-05,Valencia,BILDU,1.6367,0
2026-03-05,Valencia,BNG,0.4608,0
2026-03-05,Valencia,CC,0.9342,0
2026-03-05,Valencia,ERC,2.5780,0
2026-03-05,Valencia,JUNTS,1.7513,0
2026-03-05,Valencia,OTROS,5.6954,1
2026-03-05,Valencia,PNV,0.7542,0
2026-03-05,Valencia,PP,30.6604,6
2026-03-05,Valencia,PSOE,27.3205,5
2026-03-05,Valencia,SALF,4.4856,0
2026-03-05,Valencia,SUMAR,7.5928,1
2026-03-05,Valencia,UPN,0.0000,0
2026-03-05,Valencia,VOX,16.1301,3
2026-03-05,Valladolid,BILDU,1.4365,0
2026-03-05,Valladolid,BNG,0.0000,0
2026-03-05,Valladolid,CC,1.6013,0
2026-03-05,Valladolid,ERC,2.3030,0
2026-03-05,Valladolid,JUNTS,2.5495,0
2026-03-05,Valladolid,OTROS,6.5524,0
2026-03-05,Valladolid,PNV,1.1426,0
2026-03-05,Valladolid,PP,29.3205,2
2026-03-05,Valladolid,PSOE,27.2268,2
2026-03-05,Valladolid,SALF,3.0528,0
2026-03-05,Valladolid,SUMAR,8.2561,0
2026-03-05,Valladolid,UPN,0.8991,0
2026-03-05,Valladolid,VOX,15.6594,1
2026-03-05,Vizcaya,BILDU,6.3921,0
2026-03-05,Vizcaya,BNG,0.9437,0
2026-03-05,Vizcaya,CC,0.0000,0
2026-03-05,Vizcaya,ERC,1.7682,0
2026-03-05,Vizcaya,JUNTS,0.9934,0
2026-03-05,Vizcaya,OTROS,5.4103,0
2026-03-05,Vizcaya,PNV,6.6360,0
2026-03-05,Vizcaya,PP,26.9254,3
2026-03-05,Vizcaya,PSOE,24.3353,3
2026-03-05,Vizcaya,SALF,4.1707,0
2026-03-05,Vizcaya,SUMAR,7.3153,0
2026-03-05,Vizcaya,UPN,0.3483,0
2026-03-05,Vizcaya,VOX,14.7614,2
2026-03-05,Zamora,BILDU,1.5683,0
2026-03-05,Zamora,BNG,0.5615,0
2026-03-05,Zamora,CC,0.7652,0
2026-03-05,Zamora,ERC,2.0794,0
2026-03-05,Zamora,JUNTS,1.2120,0
2026-03-05,Zamora,OTROS,5.6496,0
2026-03-05,Zamora,PNV,1.2898,0
2026-03-05,Zamora,PP,30.4378,1
2026-03-05,Zamora,PSOE,27.6811,1
2026-03-05,Zamora,SALF,4.7013,0
2026-03-05,Zamora,SUMAR,7.7728,0
2026-03-05,Zamora,UPN,0.3469,0
2026-03-05,Zamora,VOX,15.9344,1
2026-03-05,Zaragoza,BILDU,0.3106,0
2026-03-05,Zaragoza,BNG,0.9567,0
2026-03-05,Zaragoza,CC,0.7060,0
2026-03-05,Zaragoza,ERC,2.7894,0
2026-03-05,Zaragoza,JUNTS,2.8513,0
2026-03-05,Zaragoza,OTROS,6.6587,0
2026-03-05,Zaragoza,PNV,1.2768,0
2026-03-05,Zaragoza,PP,30.1506,3
2026-03-05,Zaragoza,PSOE,26.3880,3
2026-03-05,Zaragoza,SALF,3.3027,0
2026-03-05,Zaragoza,SUMAR,8.2365,0
2026-03-05,Zaragoza,UPN,0.0000,0
2026-03-05,Zaragoza,VOX,16.3726,1
2026-03-05,Álava,BILDU,4.9999,0
2026-03-05,Álava,BNG,1.0073,0
2026-03-05,Álava,CC,0.3291,0
2026-03-05,Álava,ERC,2.3727,0
2026-03-05,Álava,JUNTS,1.5856,0
2026-03-05,Álava,OTROS,6.3294,0
2026-03-05,Álava,PNV,7.2210,0
2026-03-05,Álava,PP,26.8643,2
2026-03-05,Álava,PSOE,23.7017,1
2026-03-05,Álava,SALF,3.4404,0
2026-03-05,Álava,SUMAR,7.5302,0
2026-03-05,Álava,UPN,0.0000,0
2026-03-05,Álava,VOX,14.6183,1
2026-03-05,Ávila,BILDU,0.7753,0
2026-03-05,Ávila,BNG,0.8627,0
2026-03-05,Ávila,CC,0.8650,0
2026-03-05,Ávila,ERC,2.4979,0
2026-03-05,Ávila,JUNTS,1.6423,0
2026-03-05,Ávila,OTROS,5.2962,0
2026-03-05,Ávila,PNV,1.7914,0
2026-03-05,Ávila,PP,30.0557,1
2026-03-05,Ávila,PSOE,27.5665,1
2026-03-05,Ávila,SALF,3.8670,0
2026-03-05,Ávila,SUMAR,7.3358,0
2026-03-05,Ávila,UPN,1.3406,0
2026-03-05,Ávila,VOX,16.1036,1
